[{"id":23,"alias":"5a2a93a7791c4","type_id":1,"name":"dlyavann.ru","loader_type":0,"reg_exp":"(^http[s]?:\/\/[\\w.]*dlyavann.ru\/.*html$)","status":0,"description":null,"err_description":"\u0412\u0441\u0435 \u0432 \u043f\u0440\u043e\u044f\u0434\u043a\u0435","created_by":1,"updated_by":1,"created_at":1512739751,"updated_at":1513610459,"request_id":null,"actions":[{"id":13,"parser_id":23,"seq":0,"name":"ParsList","status":0,"selector":"#catlist","example_url":"http:\/\/www.dlyavann.ru\/category\/unitazy.html","code":null,"description":null},{"id":14,"parser_id":23,"seq":1,"name":"ParsItem","status":0,"selector":"div[itemtype=\"http:\/\/schema.org\/Product\"]","example_url":"http:\/\/www.dlyavann.ru\/item\/unitaz-napolnyy-roca-victoria-342399000.html","code":null,"description":null}]},{"id":20,"alias":"5a2a93a7753ff","type_id":1,"name":"santehnika-tut.ru","loader_type":0,"reg_exp":"(^https?:\/\/[\\w.]*santehnika-tut.ru\/)","status":0,"description":null,"err_description":"\u0412\u0441\u0435 \u0432 \u043f\u0440\u043e\u044f\u0434\u043a\u0435","created_by":1,"updated_by":1,"created_at":1512739751,"updated_at":1513610461,"request_id":null,"actions":[{"id":23,"parser_id":20,"seq":0,"name":"ParsList","status":0,"selector":".insideCatalog","example_url":"http:\/\/santehnika-tut.ru\/dushevye-kabiny\/","code":null,"description":null},{"id":24,"parser_id":20,"seq":1,"name":"ParsItem","status":0,"selector":".productItem","example_url":"http:\/\/santehnika-tut.ru\/k31971.html","code":null,"description":null}]},{"id":27,"alias":"5a2a93a77d39a","type_id":1,"name":"santehtop.ru","loader_type":0,"reg_exp":"(^http[s]?:\/\/[\\w.]*santehtop.ru\/)","status":0,"description":null,"err_description":"\u0412\u0441\u0435 \u0432 \u043f\u0440\u043e\u044f\u0434\u043a\u0435","created_by":1,"updated_by":1,"created_at":1512739751,"updated_at":1513610463,"request_id":null,"actions":[{"id":35,"parser_id":27,"seq":0,"name":"ParsList","status":0,"selector":".catalog-goods__list","example_url":"https:\/\/www.santehtop.ru\/vanny\/akrilovie\/aquatika\/","code":null,"description":null},{"id":36,"parser_id":27,"seq":1,"name":"ParsItem","status":0,"selector":".prod-prop","example_url":"https:\/\/www.santehtop.ru\/aquatika-junior\/","code":null,"description":null}]},{"id":30,"alias":"5a2a93a780642","type_id":1,"name":"sdvk.ru","loader_type":0,"reg_exp":"(^http[s]?:\/\/[\\w.]*sdvk.ru\/)","status":0,"description":null,"err_description":"\u0412\u0441\u0435 \u0432 \u043f\u0440\u043e\u044f\u0434\u043a\u0435","created_by":1,"updated_by":1,"created_at":1512739751,"updated_at":1513610465,"request_id":null,"actions":[{"id":37,"parser_id":30,"seq":0,"name":"ParsList","status":0,"selector":".list-controls","example_url":"https:\/\/sdvk.ru\/Dushevie_kabini\/Niagara\/","code":null,"description":null},{"id":38,"parser_id":30,"seq":1,"name":"ParsItem","status":0,"selector":"#item","example_url":"https:\/\/sdvk.ru\/Dushevie_kabini\/niagara-ng-5170-product\/","code":null,"description":null}]},{"id":32,"alias":"5a2a93a782d9d","type_id":1,"name":"wodolei.ru","loader_type":0,"reg_exp":"(^http[s]?:\/\/[\\w.]*wodolei.ru\/catalog\/)","status":0,"description":null,"err_description":"\u0412\u0441\u0435 \u0432 \u043f\u0440\u043e\u044f\u0434\u043a\u0435","created_by":1,"updated_by":1,"created_at":1512739751,"updated_at":1513610467,"request_id":null,"actions":[{"id":41,"parser_id":32,"seq":0,"name":"ParsList","status":0,"selector":"#items-list","example_url":"https:\/\/wodolei.ru\/catalog\/dushevie_kabini\/Niagara\/","code":null,"description":null},{"id":42,"parser_id":32,"seq":1,"name":"ParsItem","status":0,"selector":".cart-price2.cart-price.price","example_url":"https:\/\/wodolei.ru\/catalog\/dushevie_kabini\/niagara-ng-703-134792-grp\/","code":null,"description":null}]},{"id":54,"alias":"5a2a93a79eb54","type_id":1,"name":"m-vanna.ru","loader_type":0,"reg_exp":"(^http[s]?:\/\/.*m-vanna.ru\/catalog\/products\/.*$)","status":0,"description":null,"err_description":"\u0412\u0441\u0435 \u0432 \u043f\u0440\u043e\u044f\u0434\u043a\u0435","created_by":1,"updated_by":1,"created_at":1512739751,"updated_at":1513610469,"request_id":null,"actions":[{"id":43,"parser_id":54,"seq":0,"name":"ParsList","status":0,"selector":".eshop-item-list.eshop-item-list_type_catalog","example_url":"https:\/\/www.m-vanna.ru\/catalog\/products\/gidromassazhnye-boksy","code":null,"description":null},{"id":44,"parser_id":54,"seq":1,"name":"ParsItem","status":0,"selector":".eshop-item-detailed","example_url":"https:\/\/www.m-vanna.ru\/catalog\/products\/gidromassazhnye-boksy\/dushevaja-kabina-niagara-ng-1509","code":null,"description":null}]},{"id":51,"alias":"5a2a93a79b7b3","type_id":1,"name":"sportmaster.ru","loader_type":0,"reg_exp":"(^http[s]?:\/\/.*sportmaster.ru\/(catalog|product).*$)","status":0,"description":null,"err_description":"\u0412\u0441\u0435 \u0432 \u043f\u0440\u043e\u044f\u0434\u043a\u0435","created_by":1,"updated_by":1,"created_at":1512739751,"updated_at":1513610471,"request_id":null,"actions":[{"id":49,"parser_id":51,"seq":0,"name":"ParsList","status":0,"selector":"#categoryItemContainer","example_url":"https:\/\/www.sportmaster.ru\/catalog\/begovye_lyzhi\/lyzhi\/","code":null,"description":null},{"id":50,"parser_id":51,"seq":1,"name":"ParsItem","status":0,"selector":".sm-goods","example_url":"https:\/\/www.sportmaster.ru\/product\/1755424\/","code":null,"description":null}]},{"id":45,"alias":"5a2a93a793c0f","type_id":1,"name":"santeh-centr.ru","loader_type":0,"reg_exp":"(^http[s]?:\/\/.*santeh-centr.ru\/.*$)","status":0,"description":null,"err_description":"\u0412\u0441\u0435 \u0432 \u043f\u0440\u043e\u044f\u0434\u043a\u0435","created_by":1,"updated_by":1,"created_at":1512739751,"updated_at":1513610471,"request_id":null,"actions":[{"id":57,"parser_id":45,"seq":0,"name":"ParsList","status":0,"selector":"ul.pagination","example_url":"https:\/\/santeh-centr.ru\/dushevye-kabiny-gidroboksy\/dushevye-kabiny","code":null,"description":null},{"id":58,"parser_id":45,"seq":1,"name":"ParsItem","status":0,"selector":".producttitle","example_url":"https:\/\/santeh-centr.ru\/dushevye-kabiny-gidroboksy\/dushevye-kabiny\/dushevaja-kabina-ammari-am-082-80-8080215-sm-bez-gidromassazha","code":null,"description":null}]},{"id":58,"alias":"5a2a93a7a2f70","type_id":1,"name":"perfekto.ru","loader_type":0,"reg_exp":"(^https?:\/\/.*perfekto.ru\/catalog)","status":0,"description":null,"err_description":"\u0412\u0441\u0435 \u0432 \u043f\u0440\u043e\u044f\u0434\u043a\u0435","created_by":1,"updated_by":1,"created_at":1512739751,"updated_at":1513610473,"request_id":null,"actions":[{"id":91,"parser_id":58,"seq":0,"name":"ParsList","status":0,"selector":".wrapper-pagination","example_url":"https:\/\/www.perfekto.ru\/catalog\/unitazy\/","code":null,"description":null},{"id":92,"parser_id":58,"seq":1,"name":"ParsItem","status":0,"selector":".product.col-md-12","example_url":"https:\/\/www.perfekto.ru\/catalog\/unitazy\/unitaz_artic_4310_gb114310301737_gb114310301231\/","code":null,"description":null}]},{"id":25,"alias":"5a2a93a77b08f","type_id":1,"name":"sanone.ru","loader_type":0,"reg_exp":"(^https?:\/\/.*sanone.ru\/.*$)","status":0,"description":null,"err_description":"\u0412\u0441\u0435 \u0432 \u043f\u0440\u043e\u044f\u0434\u043a\u0435","created_by":1,"updated_by":1,"created_at":1512739751,"updated_at":1513610475,"request_id":null,"actions":[{"id":95,"parser_id":25,"seq":0,"name":"ParsList","status":0,"selector":"#items","example_url":"http:\/\/sanone.ru\/dushevye_kabiny\/dushevye_ugolki\/","code":null,"description":null},{"id":96,"parser_id":25,"seq":1,"name":"ParsItem","status":0,"selector":"#product","example_url":"http:\/\/sanone.ru\/mebel_dlya_vannoy\/alta-marea-atollo-komplekt-mebeli.html","code":null,"description":null}]},{"id":37,"alias":"5a2a93a789b31","type_id":1,"name":"vannamoskva.ru","loader_type":0,"reg_exp":"(^http[s]?:\/\/.*vannamoskva.ru\/.*$)","status":0,"description":null,"err_description":"\u0412\u0441\u0435 \u0432 \u043f\u0440\u043e\u044f\u0434\u043a\u0435","created_by":1,"updated_by":1,"created_at":1512739751,"updated_at":1513610476,"request_id":null,"actions":[{"id":105,"parser_id":37,"seq":0,"name":"ParsList","status":0,"selector":".tiny_products","example_url":"https:\/\/vannamoskva.ru\/catalog\/hansgrohe","code":null,"description":null},{"id":106,"parser_id":37,"seq":1,"name":"ParsItem","status":0,"selector":".product.page .product_info","example_url":"https:\/\/vannamoskva.ru\/products\/termostat-dlya-vanny-s-dushem-jacob-delafon-stance-e9103-cp-","code":null,"description":null}]},{"id":6,"alias":"5a2a93a760214","type_id":1,"name":"premium-v.ru","loader_type":0,"reg_exp":"(^http[s]?:\/\/.*premium-v.ru\/products\/.*$)","status":0,"description":null,"err_description":"\u0412\u0441\u0435 \u0432 \u043f\u0440\u043e\u044f\u0434\u043a\u0435","created_by":1,"updated_by":1,"created_at":1512739751,"updated_at":1513612015,"request_id":null,"actions":[{"id":107,"parser_id":6,"seq":0,"name":"ParsList","status":0,"selector":"#ml_offset","example_url":"https:\/\/www.premium-v.ru\/products\/710\/recor\/","code":null,"description":null},{"id":108,"parser_id":6,"seq":1,"name":"ParsItem","status":0,"selector":"#product-detail","example_url":"https:\/\/www.premium-v.ru\/products\/recor_classic_170x75.html","code":null,"description":null}]},{"id":9,"alias":"5a2a93a765c7a","type_id":1,"name":"grinc.ru","loader_type":0,"reg_exp":"(^http[s]?:\/\/.*grinc.ru\/.*$)","status":0,"description":null,"err_description":"\u0412\u0441\u0435 \u0432 \u043f\u0440\u043e\u044f\u0434\u043a\u0435","created_by":1,"updated_by":1,"created_at":1512739751,"updated_at":1513610480,"request_id":null,"actions":[{"id":21,"parser_id":9,"seq":0,"name":"ParsList","status":0,"selector":"#product-list","example_url":"http:\/\/grinc.ru\/dushevye-kabiny\/s-gidromassazhem\/","code":null,"description":null},{"id":22,"parser_id":9,"seq":1,"name":"ParsItem","status":0,"selector":"article[itemtype=\"http:\/\/schema.org\/Product\"]","example_url":"http:\/\/grinc.ru\/dushevye-kabiny\/s-gidromassazhem\/niagara-ng-510\/","code":null,"description":null}]},{"id":1,"alias":"5a2a93a749138","type_id":1,"name":"ceramicplus.ru","loader_type":0,"reg_exp":"(^http[s]?:\/\/.*ceramicplus.ru\/catalog\/.*$)","status":0,"description":null,"err_description":"\u0412\u0441\u0435 \u0432 \u043f\u0440\u043e\u044f\u0434\u043a\u0435","created_by":1,"updated_by":1,"created_at":1512739751,"updated_at":1513610506,"request_id":null,"actions":[{"id":3,"parser_id":1,"seq":0,"name":"ParsList","status":0,"selector":".pager","example_url":"https:\/\/www.ceramicplus.ru\/catalog\/dushi\/dushevyje_garnitury","code":null,"description":null},{"id":4,"parser_id":1,"seq":1,"name":"ParsItem","status":0,"selector":".product-info","example_url":"https:\/\/www.ceramicplus.ru\/catalog\/dushi\/dushevyje_garnitury\/dushevoy_garnitur_bennberg_h_10016.html","code":null,"description":null}]},{"id":11,"alias":"5a2a93a7699c8","type_id":1,"name":"santeh-opt.ru","loader_type":0,"reg_exp":"(^http[s]?:\/\/.*santeh-opt.ru\/.*$)","status":0,"description":null,"err_description":"\u0412\u0441\u0435 \u0432 \u043f\u0440\u043e\u044f\u0434\u043a\u0435","created_by":1,"updated_by":1,"created_at":1512739751,"updated_at":1513610507,"request_id":null,"actions":[{"id":5,"parser_id":11,"seq":0,"name":"ParsList","status":0,"selector":".glist","example_url":"http:\/\/www.santeh-opt.ru\/index.php?section_id=3445","code":null,"description":null},{"id":6,"parser_id":11,"seq":1,"name":"ParsItem","status":0,"selector":".h_goods_item","example_url":"http:\/\/www.santeh-opt.ru\/tovar.php?nmb=21813","code":null,"description":null}]},{"id":15,"alias":"5a2a93a76df74","type_id":1,"name":"vanna-doma.ru","loader_type":0,"reg_exp":"(^http[s]?:\/\/.*vanna-doma.ru\/shop\/.*$)","status":0,"description":null,"err_description":"\u0412\u0441\u0435 \u0432 \u043f\u0440\u043e\u044f\u0434\u043a\u0435","created_by":1,"updated_by":1,"created_at":1512739751,"updated_at":1513610481,"request_id":null,"actions":[{"id":85,"parser_id":15,"seq":0,"name":"ParsList","status":0,"selector":".itemsList","example_url":"https:\/\/www.vanna-doma.ru\/shop\/Smesiteli\/s_gigienicheskim_dushem\/","code":null,"description":null},{"id":86,"parser_id":15,"seq":1,"name":"ParsItem","status":0,"selector":"#orderItem","example_url":"https:\/\/www.vanna-doma.ru\/shop\/Smesiteli\/s_gigienicheskim_dushem\/Cezares_GARDA-ID-01_gigienicheskiy_dush-9809.html","code":null,"description":null}]},{"id":5,"alias":"5a2a93a75eefc","type_id":1,"name":"premium-v.ru","loader_type":0,"reg_exp":"(^http[s]?:\/\/.*premium-v.ru\/products\/.*$)","status":0,"description":null,"err_description":"\u0412\u0441\u0435 \u0432 \u043f\u0440\u043e\u044f\u0434\u043a\u0435","created_by":1,"updated_by":1,"created_at":1512739751,"updated_at":1513610512,"request_id":null,"actions":[{"id":15,"parser_id":5,"seq":0,"name":"ParsList","status":0,"selector":"#ml_offset","example_url":"https:\/\/www.premium-v.ru\/products\/710\/recor\/","code":null,"description":null},{"id":16,"parser_id":5,"seq":1,"name":"ParsItem","status":0,"selector":"#product-detail","example_url":"https:\/\/www.premium-v.ru\/products\/recor_classic_170x75.html","code":null,"description":null}]},{"id":16,"alias":"5a2a93a76f9a9","type_id":1,"name":"santehnika-online.ru","loader_type":0,"reg_exp":"(^https?:\/\/[\\w.]*santehnika-online.ru\/.*$)","status":0,"description":null,"err_description":"\u0412\u0441\u0435 \u0432 \u043f\u0440\u043e\u044f\u0434\u043a\u0435","created_by":1,"updated_by":1,"created_at":1512739751,"updated_at":1513610485,"request_id":null,"actions":[{"id":25,"parser_id":16,"seq":0,"name":"ParsList","status":0,"selector":"#content .vidacha","example_url":"https:\/\/santehnika-online.ru\/vanny\/stalnye\/","code":null,"description":null},{"id":26,"parser_id":16,"seq":1,"name":"ParsItem","status":0,"selector":".cartproduct.cart-of-product-now","example_url":"https:\/\/santehnika-online.ru\/product\/stalnaya_vanna_roca_princess_170_sm_689130\/","code":null,"description":null}]},{"id":8,"alias":"5a2a93a762d1f","type_id":1,"name":"santeh-diler.ru","loader_type":0,"reg_exp":"(^http[s]?:\/\/.*santeh-diler.ru\/product\/.*$)|(^http[s]?:\/\/.*santeh-diler.ru\/category\/.*$)","status":0,"description":null,"err_description":"\u0412\u0441\u0435 \u0432 \u043f\u0440\u043e\u044f\u0434\u043a\u0435","created_by":1,"updated_by":1,"created_at":1512739751,"updated_at":1513610490,"request_id":null,"actions":[{"id":89,"parser_id":8,"seq":0,"name":"ParsList","status":0,"selector":".main-catalog .catalog-list","example_url":"http:\/\/santeh-diler.ru\/category\/dushevye-kabiny","code":null,"description":null},{"id":90,"parser_id":8,"seq":1,"name":"ParsItem","status":0,"selector":".single-content","example_url":"http:\/\/santeh-diler.ru\/product\/dushevaya-kabina-niagara-ng-510","code":null,"description":null}]},{"id":18,"alias":"5a2a93a7725a7","type_id":1,"name":"djakudza.ru","loader_type":0,"reg_exp":"(^https?:\/\/.*djakudza.ru\/category\/)","status":0,"description":null,"err_description":"\u0412\u0441\u0435 \u0432 \u043f\u0440\u043e\u044f\u0434\u043a\u0435","created_by":1,"updated_by":1,"created_at":1512739751,"updated_at":1513610498,"request_id":null,"actions":[{"id":93,"parser_id":18,"seq":0,"name":"ParsList","status":0,"selector":".catalog-container","example_url":"http:\/\/www.djakudza.ru\/category\/dushevye-kabiny\/","code":null,"description":null},{"id":94,"parser_id":18,"seq":1,"name":"ParsItem","status":0,"selector":"div[itemtype=\"http:\/\/schema.org\/Product\"]","example_url":"http:\/\/www.djakudza.ru\/product\/poddon-bas-apollo-80h80\/","code":null,"description":null}]},{"id":10,"alias":"5a2a93a767d37","type_id":1,"name":"1san.ru","loader_type":0,"reg_exp":"(^http[s]?:\/\/.*1san.ru\/.*html$)","status":0,"description":null,"err_description":"\u0412\u0441\u0435 \u0432 \u043f\u0440\u043e\u044f\u0434\u043a\u0435","created_by":1,"updated_by":1,"created_at":1512739751,"updated_at":1513612001,"request_id":null,"actions":[{"id":9,"parser_id":10,"seq":0,"name":"ParsList","status":0,"selector":".template-product-list","example_url":"https:\/\/1san.ru\/dushevyekabiny.html","code":null,"description":null},{"id":10,"parser_id":10,"seq":1,"name":"ParsItem","status":0,"selector":"div[itemtype=\"http:\/\/schema.org\/Product\"]","example_url":"https:\/\/1san.ru\/id\/dushevaya-kabina-metakam-80h80-bez-poddona-vhod-s-ugla-16253.html","code":null,"description":null}]},{"id":4,"alias":"5a2a93a75dc55","type_id":1,"name":"gidro-top.ru","loader_type":0,"reg_exp":"(^http[s]?:\/\/.*gidro-top.ru\/product\/.*$)|(^http[s]?:\/\/.*gidro-top.ru\/category\/.*$)","status":0,"description":null,"err_description":"\u0412\u0441\u0435 \u0432 \u043f\u0440\u043e\u044f\u0434\u043a\u0435","created_by":1,"updated_by":1,"created_at":1512739751,"updated_at":1513610501,"request_id":null,"actions":[{"id":29,"parser_id":4,"seq":0,"name":"ParsList","status":0,"selector":"ul.pagination","example_url":"http:\/\/gidro-top.ru\/category\/557\/","code":null,"description":null},{"id":30,"parser_id":4,"seq":1,"name":"ParsItem","status":0,"selector":"div[itemtype=\"http:\/\/schema.org\/Product\"]","example_url":"http:\/\/gidro-top.ru\/product\/triton-standart-120-akrilovaya-vanna-120x70\/","code":null,"description":null}]},{"id":7,"alias":"5a2a93a76164b","type_id":1,"name":"aquavil.ru","loader_type":0,"reg_exp":"(^http[s]?:\/\/.*aquavil.ru\/catalog\/.*$)","status":0,"description":null,"err_description":"\u0412\u0441\u0435 \u0432 \u043f\u0440\u043e\u044f\u0434\u043a\u0435","created_by":1,"updated_by":1,"created_at":1512739751,"updated_at":1513612014,"request_id":null,"actions":[{"id":79,"parser_id":7,"seq":0,"name":"ParsList","status":0,"selector":"#pagination","example_url":"https:\/\/aquavil.ru\/catalog\/baths\/square\/vanna_relisan_marina_170h75\/","code":null,"description":null},{"id":80,"parser_id":7,"seq":1,"name":"ParsItem","status":0,"selector":".good_card","example_url":"https:\/\/aquavil.ru\/catalog\/baths\/square\/vanna_relisan_marina_170h75\/","code":null,"description":null}]},{"id":19,"alias":"5a2a93a773774","type_id":1,"name":"aquatika.ru","loader_type":0,"reg_exp":"(^https?:\/\/.*aquatika.ru\/prods_.*html$)","status":0,"description":null,"err_description":"\u0412\u0441\u0435 \u0432 \u043f\u0440\u043e\u044f\u0434\u043a\u0435","created_by":1,"updated_by":1,"created_at":1512739751,"updated_at":1513610515,"request_id":null,"actions":[{"id":17,"parser_id":19,"seq":0,"name":"ParsList","status":0,"selector":"#prod-table","example_url":"http:\/\/www.aquatika.ru\/prods_rectangular.html","code":null,"description":null},{"id":18,"parser_id":19,"seq":1,"name":"ParsItem","status":0,"selector":"#prod-name","example_url":"http:\/\/www.aquatika.ru\/item_unior.html","code":null,"description":null}]},{"id":34,"alias":"5a2a93a785e5b","type_id":1,"name":"dushevoi.ru","loader_type":0,"reg_exp":"(^https?:\/\/.*dushevoi.ru\/products\/)","status":0,"description":null,"err_description":"\u0412\u0441\u0435 \u0432 \u043f\u0440\u043e\u044f\u0434\u043a\u0435","created_by":1,"updated_by":1,"created_at":1512739751,"updated_at":1513610518,"request_id":null,"actions":[{"id":73,"parser_id":34,"seq":0,"name":"ParsList","status":0,"selector":"#all","example_url":"https:\/\/mytishi.dushevoi.ru\/products\/dushevye-kabiny\/","code":null,"description":null},{"id":74,"parser_id":34,"seq":1,"name":"ParsItem","status":0,"selector":"#item-price-wrap","example_url":"https:\/\/mytishi.dushevoi.ru\/products\/dushevaya-kabina-niagara-ng-2508-bk-110703-ware\/","code":null,"description":null}]},{"id":36,"alias":"5a2a93a788614","type_id":1,"name":"techport.ru","loader_type":0,"reg_exp":"(^http[s]?:\/\/.*techport.ru\/katalog\/.*$)","status":0,"description":null,"err_description":"\u0412\u0441\u0435 \u0432 \u043f\u0440\u043e\u044f\u0434\u043a\u0435","created_by":1,"updated_by":1,"created_at":1512739751,"updated_at":1513610521,"request_id":null,"actions":[{"id":33,"parser_id":36,"seq":0,"name":"ParsList","status":0,"selector":"#catalog_list","example_url":"http:\/\/www.techport.ru\/katalog\/products\/santehnika\/vanny","code":null,"description":null},{"id":34,"parser_id":36,"seq":1,"name":"ParsItem","status":0,"selector":".item_info","example_url":"http:\/\/www.techport.ru\/katalog\/products\/santehnika\/vanny\/akrilovye\/riho-miami-180x80x49-bb6400500000000","code":null,"description":null}]},{"id":21,"alias":"5a2a93a776a06","type_id":1,"name":"santehgorod.ru","loader_type":0,"reg_exp":"(^https?:\/\/[\\w.]*santehgorod.ru\/catalog\/)","status":0,"description":null,"err_description":"\u0412\u0441\u0435 \u0432 \u043f\u0440\u043e\u044f\u0434\u043a\u0435","created_by":1,"updated_by":1,"created_at":1512739751,"updated_at":1513610523,"request_id":null,"actions":[{"id":99,"parser_id":21,"seq":0,"name":"ParsList","status":0,"selector":".tovslist","example_url":"https:\/\/www.santehgorod.ru\/catalog\/kabiny\/","code":null,"description":null},{"id":100,"parser_id":21,"seq":1,"name":"ParsItem","status":0,"selector":".tov","example_url":"https:\/\/www.santehgorod.ru\/catalog\/kabiny\/arcus_as-100.html","code":null,"description":null}]},{"id":22,"alias":"5a2a93a777dda","type_id":1,"name":"aquadom.ru","loader_type":0,"reg_exp":"(^https?:\/\/.*aquadom.ru)","status":0,"description":null,"err_description":"\u0412\u0441\u0435 \u0432 \u043f\u0440\u043e\u044f\u0434\u043a\u0435","created_by":1,"updated_by":1,"created_at":1512739751,"updated_at":1513610527,"request_id":null,"actions":[{"id":11,"parser_id":22,"seq":0,"name":"ParsList","status":0,"selector":".product-list","example_url":"http:\/\/www.aquadom.ru\/rakovini\/","code":null,"description":null},{"id":12,"parser_id":22,"seq":1,"name":"ParsItem","status":0,"selector":".product-info2","example_url":"http:\/\/www.aquadom.ru\/vstraivaemie_rakovini\/rakovina_hatria_marine_art_y75101\/","code":null,"description":null}]},{"id":28,"alias":"5a2a93a77e970","type_id":1,"name":"sanberry.ru","loader_type":0,"reg_exp":"(^http[s]?:\/\/[\\w.]*sanberry.ru\/)","status":0,"description":null,"err_description":"\u0412\u0441\u0435 \u0432 \u043f\u0440\u043e\u044f\u0434\u043a\u0435","created_by":1,"updated_by":1,"created_at":1512739751,"updated_at":1513610532,"request_id":null,"actions":[{"id":97,"parser_id":28,"seq":0,"name":"ParsList","status":0,"selector":"#catalog","example_url":"http:\/\/sanberry.ru\/catalog\/sanfayans\/unitazy\/","code":null,"description":null},{"id":98,"parser_id":28,"seq":1,"name":"ParsItem","status":0,"selector":".catalog-detail-element","example_url":"http:\/\/sanberry.ru\/catalog\/sanfayans\/unitazy\/kompakt_della_boston_oak_024\/","code":null,"description":null}]},{"id":26,"alias":"5a2a93a77c152","type_id":1,"name":"santehnika-room","loader_type":0,"reg_exp":"(^http[s]?:\/\/[\\w.]*santehnika-room.ru\/)","status":0,"description":null,"err_description":"\u0412\u0441\u0435 \u0432 \u043f\u0440\u043e\u044f\u0434\u043a\u0435","created_by":1,"updated_by":1,"created_at":1512739751,"updated_at":1513610515,"request_id":null,"actions":[{"id":27,"parser_id":26,"seq":0,"name":"ParsList","status":0,"selector":".catalog","example_url":"https:\/\/www.santehnika-room.ru\/unitazy\/napolnye","code":null,"description":null},{"id":28,"parser_id":26,"seq":1,"name":"ParsItem","status":0,"selector":".b-card","example_url":"https:\/\/www.santehnika-room.ru\/unitazy\/napolnye\/napolnyj-unitaz-sanita-lux-best-lux-sl900303","code":null,"description":null}]},{"id":47,"alias":"5a2a93a79612f","type_id":1,"name":"bathsale.ru","loader_type":0,"reg_exp":"(^http[s]?:\/\/.*bathsale.ru\/katalog-produkczii\/.*$)","status":0,"description":null,"err_description":"\u0412\u0441\u0435 \u0432 \u043f\u0440\u043e\u044f\u0434\u043a\u0435","created_by":1,"updated_by":1,"created_at":1512739751,"updated_at":1513610533,"request_id":null,"actions":[{"id":75,"parser_id":47,"seq":0,"name":"ParsList","status":0,"selector":".products_wrap","example_url":"https:\/\/bathsale.ru\/katalog-produkczii\/dushevyie-kabinyi\/slivnyie-trapyi\/","code":null,"description":null},{"id":76,"parser_id":47,"seq":1,"name":"ParsItem","status":0,"selector":"#product","example_url":"https:\/\/bathsale.ru\/katalog-produkczii\/dushevyie-kabinyi\/slivnyie-trapyi\/dushevoj-boks-frank-f555-140\/85-sm.html","code":null,"description":null}]},{"id":53,"alias":"5a2a93a79d6ac","type_id":1,"name":"radimax.ru","loader_type":0,"reg_exp":"(^https?:\/\/.*radimax.ru\/)","status":0,"description":null,"err_description":"\u0412\u0441\u0435 \u0432 \u043f\u0440\u043e\u044f\u0434\u043a\u0435","created_by":1,"updated_by":1,"created_at":1512739751,"updated_at":1513610535,"request_id":null,"actions":[{"id":45,"parser_id":53,"seq":0,"name":"ParsList","status":0,"selector":".products_list","example_url":"https:\/\/www.radimax.ru\/brands\/retrostyle\/","code":null,"description":null},{"id":46,"parser_id":53,"seq":1,"name":"ParsItem","status":0,"selector":"#owl-single-product","example_url":"https:\/\/www.radimax.ru\/chugunnie_radiatory\/retro_style_windsor\/350\/180.html","code":null,"description":null}]},{"id":46,"alias":"5a2a93a794a37","type_id":1,"name":"san-mag.ru","loader_type":0,"reg_exp":"(^http[s]?:\/\/.*san-mag.ru\/.*$)","status":0,"description":null,"err_description":"\u0412\u0441\u0435 \u0432 \u043f\u0440\u043e\u044f\u0434\u043a\u0435","created_by":1,"updated_by":1,"created_at":1512739751,"updated_at":1513610546,"request_id":null,"actions":[{"id":59,"parser_id":46,"seq":0,"name":"ParsList","status":0,"selector":"ul.products_list","example_url":"http:\/\/san-mag.ru\/dushevye-kabiny\/","code":null,"description":null},{"id":60,"parser_id":46,"seq":1,"name":"ParsItem","status":0,"selector":"section.product","example_url":"http:\/\/san-mag.ru\/dushevaya-kabina-niagara-ng-2310-r\/","code":null,"description":null}]},{"id":33,"alias":"5a2a93a7847b9","type_id":1,"name":"santeh-import.ru","loader_type":0,"reg_exp":"(^http[s]?:\/\/.*santeh-import.ru.*html$)","status":0,"description":null,"err_description":"\u0412\u0441\u0435 \u0432 \u043f\u0440\u043e\u044f\u0434\u043a\u0435","created_by":1,"updated_by":1,"created_at":1512739751,"updated_at":1513610548,"request_id":null,"actions":[{"id":87,"parser_id":33,"seq":0,"name":"ParsList","status":0,"selector":"#goods-list","example_url":"https:\/\/www.santeh-import.ru\/vanny-vanny-pryamougolnye%2c-kvadratnye-kupit-category_438-b0.html","code":null,"description":null},{"id":88,"parser_id":33,"seq":1,"name":"ParsItem","status":0,"selector":"#detail-goods","example_url":"https:\/\/www.santeh-import.ru\/vanna-chugunnaya-roca-continental-17070-sm-21290100r-21291100r-kupit-goods_136918.html","code":null,"description":null}]},{"id":52,"alias":"5a2a93a79c7f8","type_id":1,"name":"merida.ru","loader_type":0,"reg_exp":"(^http[s]?:\/\/.*merida.ru\/tovar.*$)","status":0,"description":null,"err_description":"\u0412\u0441\u0435 \u0432 \u043f\u0440\u043e\u044f\u0434\u043a\u0435","created_by":1,"updated_by":1,"created_at":1512739751,"updated_at":1513610552,"request_id":null,"actions":[{"id":63,"parser_id":52,"seq":0,"name":"ParsList","status":0,"selector":".pager","example_url":"http:\/\/merida.ru\/tovary","code":null,"description":null},{"id":64,"parser_id":52,"seq":1,"name":"ParsItem","status":0,"selector":"#price_box","example_url":"http:\/\/merida.ru\/tovar\/1534\/konnektor-dla-zaradnogo-ustrojstva-64602001rus","code":null,"description":null}]},{"id":24,"alias":"5a2a93a77a08a","type_id":1,"name":"akvita.ru","loader_type":0,"reg_exp":"(^http[s]?:\/\/.*akvita.ru\/catalog\/.*$)","status":0,"description":null,"err_description":"\u0412\u0441\u0435 \u0432 \u043f\u0440\u043e\u044f\u0434\u043a\u0435","created_by":1,"updated_by":1,"created_at":1512739751,"updated_at":1513610554,"request_id":null,"actions":[{"id":71,"parser_id":24,"seq":0,"name":"ParsList","status":0,"selector":"a.pag","example_url":"http:\/\/www.akvita.ru\/catalog\/dushevye_kabiny\/","code":null,"description":null},{"id":72,"parser_id":24,"seq":1,"name":"ParsItem","status":0,"selector":"#dost","example_url":"http:\/\/www.akvita.ru\/catalog\/dushevye_kabiny\/huber_hx514_80x80\/","code":null,"description":null}]},{"id":56,"alias":"5a2a93a7a109b","type_id":1,"name":"perl-santehnika.ru","loader_type":0,"reg_exp":"(^http[s]?:\/\/.*perl-santehnika.ru\/.*$)","status":0,"description":null,"err_description":"\u0412\u0441\u0435 \u0432 \u043f\u0440\u043e\u044f\u0434\u043a\u0435","created_by":1,"updated_by":1,"created_at":1512739751,"updated_at":1513610556,"request_id":null,"actions":[{"id":65,"parser_id":56,"seq":0,"name":"ParsList","status":0,"selector":"ul.pagination","example_url":"http:\/\/perl-santehnika.ru\/dushevye-kabiny\/dushevye-kabiny-s-nizkim-poddonom-652\/","code":null,"description":null},{"id":66,"parser_id":56,"seq":1,"name":"ParsItem","status":0,"selector":".product-info","example_url":"http:\/\/perl-santehnika.ru\/dushevye-kabiny\/dushevye-kabiny-s-nizkim-poddonom-652\/dushevaya-kabina-river-rein-90-26-mt","code":null,"description":null}]},{"id":38,"alias":"5a2a93a78ac1a","type_id":1,"name":"deltasan.ru","loader_type":0,"reg_exp":"(^http[s]?:\/\/.*deltasan.ru\/catalog\/.*$)","status":0,"description":null,"err_description":"\u0412\u0441\u0435 \u0432 \u043f\u0440\u043e\u044f\u0434\u043a\u0435","created_by":1,"updated_by":1,"created_at":1512739751,"updated_at":1513610562,"request_id":null,"actions":[{"id":1,"parser_id":38,"seq":0,"name":"ParsList","status":0,"selector":".b-pagination_block","example_url":"http:\/\/deltasan.ru\/catalog\/dushevye-poddony\/nizkiy-dushevoy-poddon\/","code":null,"description":null},{"id":2,"parser_id":38,"seq":1,"name":"ParsItem","status":0,"selector":".card-info_area","example_url":"http:\/\/deltasan.ru\/catalog\/dushevye-poddony\/nizkiy-dushevoy-poddon\/dushevoy-poddon-river-tana-kvadrat-80-80-15\/","code":null,"description":null}]},{"id":29,"alias":"5a2a93a77f6e4","type_id":1,"name":"santeh-era.ru","loader_type":0,"reg_exp":"(^http[s]?:\/\/[\\w.]*santeh-era.ru\/)","status":0,"description":null,"err_description":"\u0412\u0441\u0435 \u0432 \u043f\u0440\u043e\u044f\u0434\u043a\u0435","created_by":1,"updated_by":1,"created_at":1512739751,"updated_at":1513610537,"request_id":null,"actions":[{"id":7,"parser_id":29,"seq":0,"name":"ParsList","status":0,"selector":".catalog-box-inner","example_url":"http:\/\/santeh-era.ru\/catalog\/vanny_chugunnye\/","code":null,"description":null},{"id":8,"parser_id":29,"seq":1,"name":"ParsItem","status":0,"selector":"div[itemtype=\"http:\/\/schema.org\/Product\"]","example_url":"http:\/\/santeh-era.ru\/catalog\/vanny_chugunnye\/vanna_chugunnaya_170_kh_75_kirovskiy_zavod_triumf_silver_s_ruchkami\/","code":null,"description":null}]},{"id":40,"alias":"5a2a93a78d622","type_id":1,"name":"santut.ru","loader_type":0,"reg_exp":"(^http[s]?:\/\/.*santut.ru\/.*\/.*(product_id)?.*$)","status":0,"description":null,"err_description":"\u0412\u0441\u0435 \u0432 \u043f\u0440\u043e\u044f\u0434\u043a\u0435","created_by":1,"updated_by":1,"created_at":1512739751,"updated_at":1513610549,"request_id":null,"actions":[{"id":55,"parser_id":40,"seq":0,"name":"ParsList","status":0,"selector":".product-grid","example_url":"https:\/\/santut.ru\/dushevye-kabiny-gidroboksy\/dushevye-ugli","code":null,"description":null},{"id":56,"parser_id":40,"seq":1,"name":"ParsItem","status":0,"selector":".product-info","example_url":"https:\/\/santut.ru\/dushevye-kabiny-gidroboksy\/dushevye-ugli?product_id=1557","code":null,"description":null}]},{"id":44,"alias":"5a2a93a792db9","type_id":1,"name":"santekhnika.ru","loader_type":0,"reg_exp":"(^http[s]?:\/\/.*santekhnika.ru\/.*$)","status":0,"description":null,"err_description":"\u0412\u0441\u0435 \u0432 \u043f\u0440\u043e\u044f\u0434\u043a\u0435","created_by":1,"updated_by":1,"created_at":1512739751,"updated_at":1513610561,"request_id":null,"actions":[{"id":53,"parser_id":44,"seq":0,"name":"ParsList","status":0,"selector":".catalog","example_url":"http:\/\/www.santekhnika.ru\/dushevye-kabiny-shtorki-ugolki\/dushevye-kabiny\/","code":null,"description":null},{"id":54,"parser_id":44,"seq":1,"name":"ParsItem","status":0,"selector":".itembox","example_url":"http:\/\/www.santekhnika.ru\/dushevaya-kabina-niagara-ng-510.html","code":null,"description":null}]},{"id":57,"alias":"5a2a93a7a20be","type_id":1,"name":"profigym.ru","loader_type":0,"reg_exp":"(^http[s]?:\/\/.*profigym.ru\/catalog.php.*$)","status":0,"description":"","err_description":"\u0412\u0441\u0435 \u0432 \u043f\u0440\u043e\u044f\u0434\u043a\u0435","created_by":1,"updated_by":1,"created_at":1512739751,"updated_at":1513610563,"request_id":null,"actions":[{"id":81,"parser_id":57,"seq":0,"name":"ParsList","status":0,"selector":".tov_container","example_url":"http:\/\/www.profigym.ru\/catalog.php?group_id=1","code":null,"description":null},{"id":82,"parser_id":57,"seq":1,"name":"ParsItem","status":0,"selector":".item","example_url":"http:\/\/www.profigym.ru\/info.php?good_id=18","code":null,"description":null}]}]