[{"id":1,"type_id":1,"name":"ceramicplus.ru","testUrls":{"actionParsList":"","actionParsItem":""},"parsActions":{"actionParsList":{"itemSelector":"{actionParsList_itemSelector}","pagesSelector":"{actionParsList_pagesSelector}"},"actionParsItem":{"itemSelector":"{actionParsItem_itemSelector}"}},"reg_exp":"(^http[s]?:\/\/.*ceramicplus.ru\/catalog\/.*$)","example_url":"https:\/\/www.ceramicplus.ru\/catalog\/dushi\/dushevyje_garnitury"},{"id":2,"type_id":1,"name":"suntechnica.ru","testUrls":{"actionParsList":"","actionParsItem":""},"parsActions":{"actionParsList":{"itemSelector":"{actionParsList_itemSelector}","pagesSelector":"{actionParsList_pagesSelector}"},"actionParsItem":{"itemSelector":"{actionParsItem_itemSelector}"}},"reg_exp":"(^http[s]?:\/\/.*suntechnica.*$)","example_url":"http:\/\/www.suntechnica.ru\/dushevaya-kabina-niagara-ng-1310-rl\/"},{"id":3,"type_id":1,"name":"suntechnica.ru","testUrls":{"actionParsList":"","actionParsItem":""},"parsActions":{"actionParsList":{"itemSelector":"{actionParsList_itemSelector}","pagesSelector":"{actionParsList_pagesSelector}"},"actionParsItem":{"itemSelector":"{actionParsItem_itemSelector}"}},"reg_exp":"(^http[s]?:\/\/.*mirsanteh.ru\/catalog\/.*$)","example_url":"https:\/\/www.mirsanteh.ru\/catalog\/kabiny\/dushevaja_kabina_niagara_ng-13102310_levajapravaja.html"},{"id":4,"type_id":1,"name":"gidro-top.ru","testUrls":{"actionParsList":"","actionParsItem":""},"parsActions":{"actionParsList":{"itemSelector":"{actionParsList_itemSelector}","pagesSelector":"{actionParsList_pagesSelector}"},"actionParsItem":{"itemSelector":"{actionParsItem_itemSelector}"}},"reg_exp":"(^http[s]?:\/\/.*gidro-top.ru\/product\/.*$)|(^http[s]?:\/\/.*gidro-top.ru\/category\/.*$)","example_url":"http:\/\/gidro-top.ru\/product\/viega-704353-advantix-vario-set\/"},{"id":6,"type_id":1,"name":"premium-v.ru","testUrls":{"actionParsList":"","actionParsItem":""},"parsActions":{"actionParsList":{"itemSelector":"{actionParsList_itemSelector}","pagesSelector":"{actionParsList_pagesSelector}"},"actionParsItem":{"itemSelector":"{actionParsItem_itemSelector}"}},"reg_exp":"(^http[s]?:\/\/.*premium-v.ru\/products\/.*$)","example_url":"https:\/\/www.premium-v.ru\/products\/recor_classic_170x75.html"},{"id":7,"type_id":1,"name":"premium-v.ru","testUrls":{"actionParsList":"","actionParsItem":""},"parsActions":{"actionParsList":{"itemSelector":"{actionParsList_itemSelector}","pagesSelector":"{actionParsList_pagesSelector}"},"actionParsItem":{"itemSelector":"{actionParsItem_itemSelector}"}},"reg_exp":"(^http[s]?:\/\/.*qq.ru\/product\/.*$)|(^http[s]?:\/\/.*qq.ru\/category\/.*$)","example_url":"http:\/\/qq.ru\/product\/00000091688\/"},{"id":8,"type_id":1,"name":"aquavil.ru","testUrls":{"actionParsList":"","actionParsItem":""},"parsActions":{"actionParsList":{"itemSelector":"{actionParsList_itemSelector}","pagesSelector":"{actionParsList_pagesSelector}"},"actionParsItem":{"itemSelector":"{actionParsItem_itemSelector}"}},"reg_exp":"(^http[s]?:\/\/.*aquavil.ru\/catalog\/.*$)","example_url":"https:\/\/aquavil.ru\/catalog\/baths\/square\/vanna_relisan_marina_170h75\/"},{"id":9,"type_id":1,"name":"santeh-diler.ru","testUrls":{"actionParsList":"","actionParsItem":""},"parsActions":{"actionParsList":{"itemSelector":"{actionParsList_itemSelector}","pagesSelector":"{actionParsList_pagesSelector}"},"actionParsItem":{"itemSelector":"{actionParsItem_itemSelector}"}},"reg_exp":"(^http[s]?:\/\/.*santeh-diler.ru\/product\/.*$)|(^http[s]?:\/\/.*santeh-diler.ru\/category\/.*$)","example_url":"http:\/\/santeh-diler.ru\/product\/dushevaya-kabina-niagara-ng-510"},{"id":10,"type_id":1,"name":"grinc.ru","testUrls":{"actionParsList":"","actionParsItem":""},"parsActions":{"actionParsList":{"itemSelector":"{actionParsList_itemSelector}","pagesSelector":"{actionParsList_pagesSelector}"},"actionParsItem":{"itemSelector":"{actionParsItem_itemSelector}"}},"reg_exp":"(^http[s]?:\/\/.*grinc.ru\/.*$)","example_url":"http:\/\/grinc.ru\/dushevye-kabiny\/s-gidromassazhem\/niagara-ng-510\/"},{"id":37,"type_id":1,"name":"1san.ru","testUrls":{"actionParsList":"https:\/\/1san.ru\/dushevyekabiny.html","actionParsItem":"https:\/\/1san.ru\/id\/dushevaya-kabina-metakam-80h80-bez-poddona-vhod-s-ugla-16253.html"},"parsActions":{"actionParsList":{"itemSelector":"{actionParsList_itemSelector}","pagesSelector":"{actionParsList_pagesSelector}"},"actionParsItem":{"itemSelector":"{actionParsItem_itemSelector}"}},"reg_exp":"(^http[s]?:\/\/.*1san.ru\/.*html$)","example_url":"https:\/\/1san.ru\/dushevyekabiny.html"},{"id":12,"type_id":1,"name":"santeh-opt.ru","testUrls":{"actionParsList":"","actionParsItem":""},"parsActions":{"actionParsList":{"itemSelector":"{actionParsList_itemSelector}","pagesSelector":"{actionParsList_pagesSelector}"},"actionParsItem":{"itemSelector":"{actionParsItem_itemSelector}"}},"reg_exp":"(^http[s]?:\/\/.*santeh-opt.ru\/.*$)","example_url":"http:\/\/www.santeh-opt.ru\/tovar.php?nmb=21813"},{"id":13,"type_id":1,"name":"sangold.ru","testUrls":{"actionParsList":"","actionParsItem":""},"parsActions":{"actionParsList":{"itemSelector":"{actionParsList_itemSelector}","pagesSelector":"{actionParsList_pagesSelector}"},"actionParsItem":{"itemSelector":"{actionParsItem_itemSelector}"}},"reg_exp":"(^http[s]?:\/\/.*sangold.ru\/.*$)","example_url":"http:\/\/sangold.ru\/index.php?productID=9580"},{"id":14,"type_id":1,"name":"santehstok.ru","testUrls":{"actionParsList":"","actionParsItem":""},"parsActions":{"actionParsList":{"itemSelector":"{actionParsList_itemSelector}","pagesSelector":"{actionParsList_pagesSelector}"},"actionParsItem":{"itemSelector":"{actionParsItem_itemSelector}"}},"reg_exp":"(^http[s]?:\/\/.*santehstok.ru\/shop\/.*$)","example_url":"http:\/\/santehstok.ru\/shop\/7207\/desc\/dushevaja-kabina-niagara-niagara-ng-510"},{"id":15,"type_id":1,"name":"santehnika47.ru","testUrls":{"actionParsList":"","actionParsItem":""},"parsActions":{"actionParsList":{"itemSelector":"{actionParsList_itemSelector}","pagesSelector":"{actionParsList_pagesSelector}"},"actionParsItem":{"itemSelector":"{actionParsItem_itemSelector}"}},"reg_exp":"(^http[s]?:\/\/.*santehnika47.ru\/.*$)","example_url":"http:\/\/santehstok.ru\/shop\/7207\/desc\/dushevaja-kabina-niagara-niagara-ng-510"},{"id":16,"type_id":1,"name":"vanna-doma.ru","testUrls":{"actionParsList":"","actionParsItem":""},"parsActions":{"actionParsList":{"itemSelector":"{actionParsList_itemSelector}","pagesSelector":"{actionParsList_pagesSelector}"},"actionParsItem":{"itemSelector":"{actionParsItem_itemSelector}"}},"reg_exp":"(^http[s]?:\/\/.*vanna-doma.ru\/shop\/.*$)","example_url":"https:\/\/www.vanna-doma.ru\/shop\/Smesiteli\/s_gigienicheskim_dushem\/Cezares_GARDA-ID-01_gigienicheskiy_dush-9809.html"},{"id":17,"type_id":1,"name":"santehnika-online.ru","testUrls":{"actionParsList":"","actionParsItem":""},"parsActions":{"actionParsList":{"itemSelector":"{actionParsList_itemSelector}","pagesSelector":"{actionParsList_pagesSelector}"},"actionParsItem":{"itemSelector":"{actionParsItem_itemSelector}"}},"reg_exp":"(^https?:\/\/[\\w.]*santehnika-online.ru\/.*$)","example_url":"https:\/\/santehnika-online.ru\/vanny\/stalnye\/"},{"id":18,"type_id":1,"name":"center-santehniki.ru","testUrls":{"actionParsList":"","actionParsItem":""},"parsActions":{"actionParsList":{"itemSelector":"{actionParsList_itemSelector}","pagesSelector":"{actionParsList_pagesSelector}"},"actionParsItem":{"itemSelector":"{actionParsItem_itemSelector}"}},"reg_exp":"(?!^.*html$)(^http[s]?:\/\/[\\w.]*center-santehniki.ru\/catalog\/)","example_url":"https:\/\/center-santehniki.ru\/catalog\/vanny\/akrilovye\/"},{"id":19,"type_id":1,"name":"djakudza.ru","testUrls":{"actionParsList":"","actionParsItem":""},"parsActions":{"actionParsList":{"itemSelector":"{actionParsList_itemSelector}","pagesSelector":"{actionParsList_pagesSelector}"},"actionParsItem":{"itemSelector":"{actionParsItem_itemSelector}"}},"reg_exp":"(^https?:\/\/.*djakudza.ru\/category\/)","example_url":"http:\/\/www.djakudza.ru\/category\/dushevye-kabiny\/"},{"id":20,"type_id":1,"name":"aquatika.ru","testUrls":{"actionParsList":"","actionParsItem":""},"parsActions":{"actionParsList":{"itemSelector":"{actionParsList_itemSelector}","pagesSelector":"{actionParsList_pagesSelector}"},"actionParsItem":{"itemSelector":"{actionParsItem_itemSelector}"}},"reg_exp":"(^https?:\/\/.*aquatika.ru\/prods_.*html$)","example_url":"http:\/\/www.aquatika.ru\/prods_radius.html"},{"id":21,"type_id":1,"name":"santehnika-tut.ru","testUrls":{"actionParsList":"","actionParsItem":""},"parsActions":{"actionParsList":{"itemSelector":"{actionParsList_itemSelector}","pagesSelector":"{actionParsList_pagesSelector}"},"actionParsItem":{"itemSelector":"{actionParsItem_itemSelector}"}},"reg_exp":"(^https?:\/\/[\\w.]*santehnika-tut.ru\/)","example_url":"http:\/\/santehnika-tut.ru\/dushevye-kabiny\/"},{"id":22,"type_id":1,"name":"santehgorod.ru","testUrls":{"actionParsList":"","actionParsItem":""},"parsActions":{"actionParsList":{"itemSelector":"{actionParsList_itemSelector}","pagesSelector":"{actionParsList_pagesSelector}"},"actionParsItem":{"itemSelector":"{actionParsItem_itemSelector}"}},"reg_exp":"(^https?:\/\/[\\w.]*santehgorod.ru\/catalog\/)","example_url":"https:\/\/www.santehgorod.ru\/catalog\/kabiny\/"},{"id":23,"type_id":1,"name":"aquadom.ru","testUrls":{"actionParsList":"","actionParsItem":""},"parsActions":{"actionParsList":{"itemSelector":"{actionParsList_itemSelector}","pagesSelector":"{actionParsList_pagesSelector}"},"actionParsItem":{"itemSelector":"{actionParsItem_itemSelector}"}},"reg_exp":"(^https?:\/\/.*aquadom.ru)","example_url":"http:\/\/www.aquadom.ru\/rakovini\/"},{"id":24,"type_id":1,"name":"dlyavann.ru","testUrls":{"actionParsList":"","actionParsItem":""},"parsActions":{"actionParsList":{"itemSelector":"{actionParsList_itemSelector}","pagesSelector":"{actionParsList_pagesSelector}"},"actionParsItem":{"itemSelector":"{actionParsItem_itemSelector}"}},"reg_exp":"(^http[s]?:\/\/[\\w.]*dlyavann.ru\/.*html$)","example_url":"http:\/\/www.dlyavann.ru\/category\/unitazy.html"},{"id":5,"type_id":1,"name":"akvita.ru","testUrls":{"actionParsList":"","actionParsItem":""},"parsActions":{"actionParsList":{"itemSelector":"{actionParsList_itemSelector}","pagesSelector":"{actionParsList_pagesSelector}"},"actionParsItem":{"itemSelector":"{actionParsItem_itemSelector}"}},"reg_exp":"(^http[s]?:\/\/.*akvita.ru\/catalog\/.*$)","example_url":"http:\/\/www.akvita.ru\/catalog\/dushevye_kabiny\/?id=7413"},{"id":26,"type_id":1,"name":"sanone.ru","testUrls":{"actionParsList":"","actionParsItem":""},"parsActions":{"actionParsList":{"itemSelector":"{actionParsList_itemSelector}","pagesSelector":"{actionParsList_pagesSelector}"},"actionParsItem":{"itemSelector":"{actionParsItem_itemSelector}"}},"reg_exp":"(^https?:\/\/.*sanone.ru\/.*$)","example_url":"http:\/\/sanone.ru\/mebel_dlya_vannoy\/alta-marea-atollo-komplekt-mebeli.html"},{"id":27,"type_id":1,"name":"santehnika-room","testUrls":{"actionParsList":"","actionParsItem":""},"parsActions":{"actionParsList":{"itemSelector":"{actionParsList_itemSelector}","pagesSelector":"{actionParsList_pagesSelector}"},"actionParsItem":{"itemSelector":"{actionParsItem_itemSelector}"}},"reg_exp":"(^http[s]?:\/\/[\\w.]*santehnika-room.ru\/)","example_url":"https:\/\/www.santehnika-room.ru\/unitazy\/napolnye"},{"id":28,"type_id":1,"name":"santehtop.ru","testUrls":{"actionParsList":"","actionParsItem":""},"parsActions":{"actionParsList":{"itemSelector":"{actionParsList_itemSelector}","pagesSelector":"{actionParsList_pagesSelector}"},"actionParsItem":{"itemSelector":"{actionParsItem_itemSelector}"}},"reg_exp":"(^http[s]?:\/\/[\\w.]*santehtop.ru\/)","example_url":"http:\/\/www.santehtop.ru\/vanny\/akrilovie\/aquatika\/"},{"id":29,"type_id":1,"name":"sanberry.ru","testUrls":{"actionParsList":"","actionParsItem":""},"parsActions":{"actionParsList":{"itemSelector":"{actionParsList_itemSelector}","pagesSelector":"{actionParsList_pagesSelector}"},"actionParsItem":{"itemSelector":"{actionParsItem_itemSelector}"}},"reg_exp":"(^http[s]?:\/\/[\\w.]*sanberry.ru\/)","example_url":"http:\/\/sanberry.ru\/catalog\/sanfayans\/unitazy\/"},{"id":30,"type_id":1,"name":"santeh-era.ru","testUrls":{"actionParsList":"","actionParsItem":""},"parsActions":{"actionParsList":{"itemSelector":"{actionParsList_itemSelector}","pagesSelector":"{actionParsList_pagesSelector}"},"actionParsItem":{"itemSelector":"{actionParsItem_itemSelector}"}},"reg_exp":"(^http[s]?:\/\/[\\w.]*santeh-era.ru\/)","example_url":"http:\/\/santeh-era.ru\/catalog\/vanny_chugunnye\/"},{"id":31,"type_id":1,"name":"sdvk.ru","testUrls":{"actionParsList":"","actionParsItem":""},"parsActions":{"actionParsList":{"itemSelector":"{actionParsList_itemSelector}","pagesSelector":"{actionParsList_pagesSelector}"},"actionParsItem":{"itemSelector":"{actionParsItem_itemSelector}"}},"reg_exp":"(^http[s]?:\/\/[\\w.]*sdvk.ru\/)","example_url":"https:\/\/sdvk.ru\/Dushevie_kabini\/Niagara\/"},{"id":32,"type_id":1,"name":"santehnica.ru","testUrls":{"actionParsList":"","actionParsItem":""},"parsActions":{"actionParsList":{"itemSelector":"{actionParsList_itemSelector}","pagesSelector":"{actionParsList_pagesSelector}"},"actionParsItem":{"itemSelector":"{actionParsItem_itemSelector}"}},"reg_exp":"(^http[s]?:\/\/[\\w.]*santehnica.ru\/)","example_url":"http:\/\/www.santehnica.ru\/catalog\/dushevie-kabini\/niagara\/"},{"id":33,"type_id":1,"name":"wodolei.ru","testUrls":{"actionParsList":"","actionParsItem":""},"parsActions":{"actionParsList":{"itemSelector":"{actionParsList_itemSelector}","pagesSelector":"{actionParsList_pagesSelector}"},"actionParsItem":{"itemSelector":"{actionParsItem_itemSelector}"}},"reg_exp":"(^http[s]?:\/\/[\\w.]*wodolei.ru\/catalog\/)","example_url":"https:\/\/wodolei.ru\/catalog\/dushevie_kabini\/Niagara\/"},{"id":34,"type_id":1,"name":"santeh-import.ru","testUrls":{"actionParsList":"","actionParsItem":""},"parsActions":{"actionParsList":{"itemSelector":"{actionParsList_itemSelector}","pagesSelector":"{actionParsList_pagesSelector}"},"actionParsItem":{"itemSelector":"{actionParsItem_itemSelector}"}},"reg_exp":"(^http[s]?:\/\/.*santeh-import.ru.*html$)","example_url":"https:\/\/www.santeh-import.ru\/Vanny-Vanny-pryamougolnye%2C-kvadratnye-kupit-category_438-b0.html"},{"id":35,"type_id":1,"name":"dushevoi.ru","testUrls":{"actionParsList":"https:\/\/www.dushevoi.ru\/products\/dushevye-kabiny\/","actionParsItem":"https:\/\/mytishi.dushevoi.ru\/products\/dushevaya-kabina-eago-dz949f6-49915-ware\/"},"parsActions":{"actionParsList":{"itemSelector":".goods .good-item","pagesSelector":"ul.pagination li"},"actionParsItem":{"itemSelector":"#item-price-wrap"}},"reg_exp":"(^https?:\/\/.*dushevoi.ru\/products\/)","example_url":"https:\/\/www.dushevoi.ru\/products\/dushevye-kabiny\/"},{"id":36,"type_id":1,"name":"santeh-magt.ru","testUrls":{"actionParsList":"","actionParsItem":""},"parsActions":{"actionParsList":{"itemSelector":"{actionParsList_itemSelector}","pagesSelector":"{actionParsList_pagesSelector}"},"actionParsItem":{"itemSelector":"{actionParsItem_itemSelector}"}},"reg_exp":"(^http[s]?:\/\/.*santeh-mag.com\/katalog\/)","example_url":"http:\/\/santeh-mag.com\/katalog\/dushevye-boksy\/"},{"id":38,"type_id":1,"name":"techport.ru","testUrls":{"actionParsList":"","actionParsItem":""},"parsActions":{"actionParsList":{"itemSelector":"{actionParsList_itemSelector}","pagesSelector":"{actionParsList_pagesSelector}"},"actionParsItem":{"itemSelector":"{actionParsItem_itemSelector}"}},"reg_exp":"(^http[s]?:\/\/.*techport.ru\/katalog\/.*$)","example_url":"http:\/\/www.techport.ru\/katalog\/products\/santehnika\/vanny"},{"id":39,"type_id":1,"name":"vannamoskva.ru","testUrls":{"actionParsList":"","actionParsItem":""},"parsActions":{"actionParsList":{"itemSelector":"{actionParsList_itemSelector}","pagesSelector":"{actionParsList_pagesSelector}"},"actionParsItem":{"itemSelector":"{actionParsItem_itemSelector}"}},"reg_exp":"(^http[s]?:\/\/.*vannamoskva.ru\/.*$)","example_url":"https:\/\/vannamoskva.ru\/catalog\/hansgrohe"},{"id":40,"type_id":1,"name":"deltasan.ru","testUrls":{"actionParsList":"","actionParsItem":""},"parsActions":{"actionParsList":{"itemSelector":"{actionParsList_itemSelector}","pagesSelector":"{actionParsList_pagesSelector}"},"actionParsItem":{"itemSelector":"{actionParsItem_itemSelector}"}},"reg_exp":"(^http[s]?:\/\/.*deltasan.ru\/catalog\/.*$)","example_url":"http:\/\/deltasan.ru\/catalog\/dushevye-poddony\/nizkiy-dushevoy-poddon\/"},{"id":42,"type_id":1,"name":"aqualetto-markon.ru","testUrls":{"actionParsList":"","actionParsItem":""},"parsActions":{"actionParsList":{"itemSelector":"{actionParsList_itemSelector}","pagesSelector":"{actionParsList_pagesSelector}"},"actionParsItem":{"itemSelector":"{actionParsItem_itemSelector}"}},"reg_exp":"(^http[s]?:\/\/.*aqualetto-markon.ru\/.*id_kat.*(id_tov)?.*$)","example_url":"http:\/\/www.aqualetto-markon.ru\/index.php?id_kat=24&id_tov=211"},{"id":43,"type_id":1,"name":"santut.ru","testUrls":{"actionParsList":"","actionParsItem":""},"parsActions":{"actionParsList":{"itemSelector":"{actionParsList_itemSelector}","pagesSelector":"{actionParsList_pagesSelector}"},"actionParsItem":{"itemSelector":"{actionParsItem_itemSelector}"}},"reg_exp":"(^http[s]?:\/\/.*santut.ru\/.*\/.*(product_id)?.*$)","example_url":"https:\/\/santut.ru\/dushevye-kabiny-gidroboksy\/dushevye-ugli?product_id=1557"},{"id":44,"type_id":1,"name":"spa.com.ru","testUrls":{"actionParsList":"","actionParsItem":""},"parsActions":{"actionParsList":{"itemSelector":"{actionParsList_itemSelector}","pagesSelector":"{actionParsList_pagesSelector}"},"actionParsItem":{"itemSelector":"{actionParsItem_itemSelector}"}},"reg_exp":"(^http[s]?:\/\/.*spa.com.ru\/.*(sid=|id=)+.*$)","example_url":"http:\/\/spa.com.ru\/bathsdetail.php?id=2927&sid=292&l_from=120&l_to=140"},{"id":45,"type_id":1,"name":"axor.su","testUrls":{"actionParsList":"","actionParsItem":""},"parsActions":{"actionParsList":{"itemSelector":"{actionParsList_itemSelector}","pagesSelector":"{actionParsList_pagesSelector}"},"actionParsItem":{"itemSelector":"{actionParsItem_itemSelector}"}},"reg_exp":"(^http[s]?:\/\/.*axor.su.*$)","example_url":"https:\/\/axor.su\/item\/dushevaya_kabina_luxus_895\/"},{"id":46,"type_id":1,"name":"mir-wan.ru","testUrls":{"actionParsList":"","actionParsItem":""},"parsActions":{"actionParsList":{"itemSelector":"{actionParsList_itemSelector}","pagesSelector":"{actionParsList_pagesSelector}"},"actionParsItem":{"itemSelector":"{actionParsItem_itemSelector}"}},"reg_exp":"(^http[s]?:\/\/.*mir-wan.ru.*(sub|tov)+.*$)","example_url":"http:\/\/mir-wan.ru\/tov\/41747\/niagara_ng-309\/"},{"id":47,"type_id":1,"name":"santekhnika.ru","testUrls":{"actionParsList":"","actionParsItem":""},"parsActions":{"actionParsList":{"itemSelector":"{actionParsList_itemSelector}","pagesSelector":"{actionParsList_pagesSelector}"},"actionParsItem":{"itemSelector":"{actionParsItem_itemSelector}"}},"reg_exp":"(^http[s]?:\/\/.*santekhnika.ru\/.*$)","example_url":"http:\/\/www.santekhnika.ru\/dushevaya-kabina-niagara-ng-510.html"},{"id":48,"type_id":1,"name":"santeh-centr.ru","testUrls":{"actionParsList":"","actionParsItem":""},"parsActions":{"actionParsList":{"itemSelector":"{actionParsList_itemSelector}","pagesSelector":"{actionParsList_pagesSelector}"},"actionParsItem":{"itemSelector":"{actionParsItem_itemSelector}"}},"reg_exp":"(^http[s]?:\/\/.*santeh-centr.ru\/.*$)","example_url":"https:\/\/santeh-centr.ru\/dushevye-kabiny-gidroboksy\/dushevye-kabiny\/dushevaja-kabina-ammari-am-082-80-8080215-sm-bez-gidromassazha"},{"id":49,"type_id":1,"name":"san-mag.ru","testUrls":{"actionParsList":"","actionParsItem":""},"parsActions":{"actionParsList":{"itemSelector":"{actionParsList_itemSelector}","pagesSelector":"{actionParsList_pagesSelector}"},"actionParsItem":{"itemSelector":"{actionParsItem_itemSelector}"}},"reg_exp":"(^http[s]?:\/\/.*san-mag.ru\/.*$)","example_url":"http:\/\/san-mag.ru\/dushevaya-kabina-niagara-ng-2310-r\/"},{"id":50,"type_id":1,"name":"bathsale.ru","testUrls":{"actionParsList":"","actionParsItem":""},"parsActions":{"actionParsList":{"itemSelector":"{actionParsList_itemSelector}","pagesSelector":"{actionParsList_pagesSelector}"},"actionParsItem":{"itemSelector":"{actionParsItem_itemSelector}"}},"reg_exp":"(^http[s]?:\/\/.*bathsale.ru\/katalog-produkczii\/.*$)","example_url":"https:\/\/bathsale.ru\/katalog-produkczii\/dushevyie-kabinyi\/slivnyie-trapyi\/dushevoj-boks-frank-f555-140\/85-sm.html"},{"id":51,"type_id":1,"name":"hit-vanna.ru","testUrls":{"actionParsList":"","actionParsItem":""},"parsActions":{"actionParsList":{"itemSelector":"{actionParsList_itemSelector}","pagesSelector":"{actionParsList_pagesSelector}"},"actionParsItem":{"itemSelector":"{actionParsItem_itemSelector}"}},"reg_exp":"(^http[s]?:\/\/.*hit-vanna.ru\/.*$)","example_url":"http:\/\/hit-vanna.ru\/dushevye-kabiny-boksy-gidromassazhye\/dushevye-kabiny-asimmetrichnye-kupit-ceny-razmery\/dushevaja-kabina-niagara-ng-1310-r-uglovaja.html"},{"id":52,"type_id":1,"name":"hunting4all.ru","testUrls":{"actionParsList":"","actionParsItem":""},"parsActions":{"actionParsList":{"itemSelector":"{actionParsList_itemSelector}","pagesSelector":"{actionParsList_pagesSelector}"},"actionParsItem":{"itemSelector":"{actionParsItem_itemSelector}"}},"reg_exp":"(^http[s]?:\/\/.*hunting4all.ru\/.*$)","example_url":"http:\/\/hunting4all.ru\/"},{"id":54,"type_id":1,"name":"vkak.deer.io","testUrls":{"actionParsList":"","actionParsItem":""},"parsActions":{"actionParsList":{"itemSelector":"{actionParsList_itemSelector}","pagesSelector":"{actionParsList_pagesSelector}"},"actionParsItem":{"itemSelector":"{actionParsItem_itemSelector}"}},"reg_exp":"(^http[s]?:\/\/.*vkak.deer.io.*$)","example_url":"http:\/\/vkak.deer.io\/"},{"id":55,"type_id":1,"name":"sportmaster.ru","testUrls":{"actionParsList":"","actionParsItem":""},"parsActions":{"actionParsList":{"itemSelector":"{actionParsList_itemSelector}","pagesSelector":"{actionParsList_pagesSelector}"},"actionParsItem":{"itemSelector":"{actionParsItem_itemSelector}"}},"reg_exp":"(^http[s]?:\/\/.*sportmaster.ru\/(catalog|product).*$)","example_url":"https:\/\/www.sportmaster.ru\/catalog\/begovye_lyzhi\/lyzhi\/"},{"id":56,"type_id":1,"name":"merida.ru","testUrls":{"actionParsList":"","actionParsItem":""},"parsActions":{"actionParsList":{"itemSelector":"{actionParsList_itemSelector}","pagesSelector":"{actionParsList_pagesSelector}"},"actionParsItem":{"itemSelector":"{actionParsItem_itemSelector}"}},"reg_exp":"(^http[s]?:\/\/.*merida.ru\/tovar.*$)","example_url":"http:\/\/merida.ru\/tovary"},{"id":57,"type_id":1,"name":"radimax.ru","testUrls":{"actionParsList":"hthttps:\/\/www.radimax.ru\/brands\/retrostyle\/","actionParsItem":"https:\/\/www.radimax.ru\/chugunnie_radiatory\/retro_style_windsor\/350\/180.html"},"parsActions":{"actionParsList":{"itemSelector":"{actionParsList_itemSelector}","pagesSelector":"{actionParsList_pagesSelector}"},"actionParsItem":{"itemSelector":"{actionParsItem_itemSelector}"}},"reg_exp":"(^https?:\/\/.*radimax.ru\/)","example_url":"https:\/\/www.radimax.ru\/brands\/retrostyle\/"},{"id":41,"type_id":1,"name":"m-vanna.ru","testUrls":{"actionParsList":"","actionParsItem":""},"parsActions":{"actionParsList":{"itemSelector":"{actionParsList_itemSelector}","pagesSelector":"{actionParsList_pagesSelector}"},"actionParsItem":{"itemSelector":"{actionParsItem_itemSelector}"}},"reg_exp":"(^http[s]?:\/\/.*m-vanna.ru\/catalog\/products\/.*$)","example_url":"https:\/\/www.m-vanna.ru\/catalog\/products\/gidromassazhnye-boksy\/dushevaja-kabina-niagara-ng-1509"},{"id":53,"type_id":1,"name":"parser-dlya-sayta.ru","testUrls":{"actionParsList":"","actionParsItem":""},"parsActions":{"actionParsList":{"itemSelector":"{actionParsList_itemSelector}","pagesSelector":"{actionParsList_pagesSelector}"},"actionParsItem":{"itemSelector":"{actionParsItem_itemSelector}"}},"reg_exp":"(^http[s]?:\/\/.*kwork.ru\/land\/parser-dlya-sayta.*$)","example_url":"https:\/\/kwork.ru\/land\/parser-dlya-sayta"},{"id":11,"type_id":1,"name":"perl-santehnika.ru","testUrls":{"actionParsList":"","actionParsItem":""},"parsActions":{"actionParsList":{"itemSelector":"{actionParsList_itemSelector}","pagesSelector":"{actionParsList_pagesSelector}"},"actionParsItem":{"itemSelector":"{actionParsItem_itemSelector}"}},"reg_exp":"(^http[s]?:\/\/.*perl-santehnika.ru\/.*$)","example_url":"http:\/\/perl-santehnika.ru\/dushevye-kabiny\/dushevye-kabiny-s-nizkim-poddonom-652\/dushevaya-kabina-river-rein-90-26-mt"},{"id":58,"type_id":1,"name":"profigym.ru","testUrls":{"actionParsList":"http:\/\/www.profigym.ru\/catalog.php?group_id=1","actionParsItem":"http:\/\/www.profigym.ru\/info.php?good_id=56"},"parsActions":{"actionParsList":{"itemSelector":"#content .flleft2.catalog","pagesSelector":null},"actionParsItem":{"itemSelector":".catalog .item"}},"reg_exp":"(^http[s]?:\/\/.*profigym.ru\/catalog.php.*$)","example_url":"http:\/\/www.profigym.ru\/catalog.php?group_id=1"},{"id":25,"type_id":1,"name":"perfekto.ru","testUrls":{"actionParsList":"","actionParsItem":""},"parsActions":{"actionParsList":{"itemSelector":"{actionParsList_itemSelector}","pagesSelector":"{actionParsList_pagesSelector}"},"actionParsItem":{"itemSelector":"{actionParsItem_itemSelector}"}},"reg_exp":"(^https?:\/\/.*perfekto.ru\/catalog)","example_url":"https:\/\/www.perfekto.ru\/catalog\/unitazy\/unitaz_artic_4310_gb114310301737_gb114310301231\/"}]