[{"id":4,"alias":"5a25b28bef20d","type_id":1,"name":"djakudza.ru","loader_type":0,"reg_exp":"(^https?:\/\/.*djakudza.ru\/category\/)","status":0,"description":null,"err_description":null,"created_by":1,"updated_by":1,"created_at":1512419979,"updated_at":1512419979,"request_id":null,"actions":[{"id":38,"parser_id":4,"seq":0,"name":"ParsList","status":0,"selector":".catalog-container","example_url":"http:\/\/www.djakudza.ru\/category\/dushevye-kabiny\/","code":null,"description":null},{"id":39,"parser_id":4,"seq":1,"name":"ParsItem","status":0,"selector":"div[itemtype=\"http:\/\/schema.org\/Product\"]","example_url":"http:\/\/www.djakudza.ru\/product\/poddon-bas-apollo-80h80\/","code":null,"description":null}]},{"id":5,"alias":"5a25b28bf1978","type_id":1,"name":"aquatika.ru","loader_type":0,"reg_exp":"(^https?:\/\/.*aquatika.ru\/prods_.*html$)","status":0,"description":null,"err_description":null,"created_by":1,"updated_by":1,"created_at":1512419979,"updated_at":1512419979,"request_id":null,"actions":[{"id":46,"parser_id":5,"seq":0,"name":"ParsList","status":0,"selector":"#prod-table","example_url":"http:\/\/www.aquatika.ru\/prods_rectangular.html","code":null,"description":null},{"id":47,"parser_id":5,"seq":1,"name":"ParsItem","status":0,"selector":"#prod-name","example_url":"http:\/\/www.aquatika.ru\/item_unior.html","code":null,"description":null}]},{"id":7,"alias":"5a25b28c02180","type_id":1,"name":"santehgorod.ru","loader_type":0,"reg_exp":"(^https?:\/\/[\\w.]*santehgorod.ru\/catalog\/)","status":0,"description":null,"err_description":null,"created_by":1,"updated_by":1,"created_at":1512419980,"updated_at":1512419980,"request_id":null,"actions":[{"id":52,"parser_id":7,"seq":0,"name":"ParsList","status":0,"selector":".tovslist","example_url":"https:\/\/www.santehgorod.ru\/catalog\/kabiny\/","code":null,"description":null},{"id":53,"parser_id":7,"seq":1,"name":"ParsItem","status":0,"selector":".tov","example_url":"https:\/\/www.santehgorod.ru\/catalog\/kabiny\/arcus_as-100.html","code":null,"description":null}]},{"id":8,"alias":"5a25b28c04b84","type_id":1,"name":"aquadom.ru","loader_type":0,"reg_exp":"(^https?:\/\/.*aquadom.ru)","status":0,"description":null,"err_description":null,"created_by":1,"updated_by":1,"created_at":1512419980,"updated_at":1512419980,"request_id":null,"actions":[{"id":54,"parser_id":8,"seq":0,"name":"ParsList","status":0,"selector":".product-list","example_url":"http:\/\/www.aquadom.ru\/rakovini\/","code":null,"description":null},{"id":55,"parser_id":8,"seq":1,"name":"ParsItem","status":0,"selector":".product-info2","example_url":"http:\/\/www.aquadom.ru\/vstraivaemie_rakovini\/rakovina_hatria_marine_art_y75101\/","code":null,"description":null}]},{"id":9,"alias":"5a25b28c074fb","type_id":1,"name":"dlyavann.ru","loader_type":0,"reg_exp":"(^http[s]?:\/\/[\\w.]*dlyavann.ru\/.*html$)","status":0,"description":null,"err_description":null,"created_by":1,"updated_by":1,"created_at":1512419980,"updated_at":1512419980,"request_id":null,"actions":[{"id":2,"parser_id":9,"seq":0,"name":"ParsList","status":0,"selector":"#catlist","example_url":"http:\/\/www.dlyavann.ru\/category\/unitazy.html","code":null,"description":null},{"id":3,"parser_id":9,"seq":1,"name":"ParsItem","status":0,"selector":"div[itemtype=\"http:\/\/schema.org\/Product\"]","example_url":"http:\/\/www.dlyavann.ru\/item\/unitaz-napolnyy-roca-victoria-342399000.html","code":null,"description":null}]},{"id":10,"alias":"5a25b28c09f80","type_id":1,"name":"perfekto.ru","loader_type":0,"reg_exp":"(^https?:\/\/.*perfekto.ru\/catalog)","status":0,"description":null,"err_description":null,"created_by":1,"updated_by":1,"created_at":1512419980,"updated_at":1512419980,"request_id":null,"actions":[{"id":18,"parser_id":10,"seq":0,"name":"ParsList","status":0,"selector":".wrapper-pagination","example_url":"https:\/\/www.perfekto.ru\/catalog\/unitazy\/","code":null,"description":null},{"id":19,"parser_id":10,"seq":1,"name":"ParsItem","status":0,"selector":".product.col-md-12","example_url":"https:\/\/www.perfekto.ru\/catalog\/unitazy\/unitaz_artic_4310_gb114310301737_gb114310301231\/","code":null,"description":null}]},{"id":11,"alias":"5a25b28c0c39d","type_id":1,"name":"sanone.ru","loader_type":0,"reg_exp":"(^https?:\/\/.*sanone.ru\/.*$)","status":0,"description":null,"err_description":null,"created_by":1,"updated_by":1,"created_at":1512419980,"updated_at":1512419980,"request_id":null,"actions":[{"id":20,"parser_id":11,"seq":0,"name":"ParsList","status":0,"selector":"#items","example_url":"http:\/\/sanone.ru\/dushevye_kabiny\/dushevye_ugolki\/","code":null,"description":null},{"id":21,"parser_id":11,"seq":1,"name":"ParsItem","status":0,"selector":"#product","example_url":"http:\/\/sanone.ru\/mebel_dlya_vannoy\/alta-marea-atollo-komplekt-mebeli.html","code":null,"description":null}]},{"id":14,"alias":"5a25b28c127be","type_id":1,"name":"sanberry.ru","loader_type":0,"reg_exp":"(^http[s]?:\/\/[\\w.]*sanberry.ru\/)","status":0,"description":null,"err_description":null,"created_by":1,"updated_by":1,"created_at":1512419980,"updated_at":1512419980,"request_id":null,"actions":[{"id":56,"parser_id":14,"seq":0,"name":"ParsList","status":0,"selector":"#catalog","example_url":"http:\/\/sanberry.ru\/catalog\/sanfayans\/unitazy\/","code":null,"description":null},{"id":57,"parser_id":14,"seq":1,"name":"ParsItem","status":0,"selector":".catalog-detail-element","example_url":"http:\/\/sanberry.ru\/catalog\/sanfayans\/unitazy\/kompakt_della_boston_oak_024\/","code":null,"description":null}]},{"id":15,"alias":"5a25b28c13fe8","type_id":1,"name":"santeh-era.ru","loader_type":0,"reg_exp":"(^http[s]?:\/\/[\\w.]*santeh-era.ru\/)","status":0,"description":null,"err_description":null,"created_by":1,"updated_by":1,"created_at":1512419980,"updated_at":1512419980,"request_id":null,"actions":[{"id":76,"parser_id":15,"seq":0,"name":"ParsList","status":0,"selector":".catalog-box-inner","example_url":"http:\/\/santeh-era.ru\/catalog\/vanny_chugunnye\/","code":null,"description":null},{"id":77,"parser_id":15,"seq":1,"name":"ParsItem","status":0,"selector":"div[itemtype=\"http:\/\/schema.org\/Product\"]","example_url":"http:\/\/santeh-era.ru\/catalog\/vanny_chugunnye\/vanna_chugunnaya_170_kh_75_kirovskiy_zavod_triumf_silver_s_ruchkami\/","code":null,"description":null}]},{"id":18,"alias":"5a25b28c1ab29","type_id":1,"name":"wodolei.ru","loader_type":0,"reg_exp":"(^http[s]?:\/\/[\\w.]*wodolei.ru\/catalog\/)","status":0,"description":null,"err_description":null,"created_by":1,"updated_by":1,"created_at":1512419980,"updated_at":1512419980,"request_id":null,"actions":[{"id":10,"parser_id":18,"seq":0,"name":"ParsList","status":0,"selector":"#items-list","example_url":"https:\/\/wodolei.ru\/catalog\/dushevie_kabini\/Niagara\/","code":null,"description":null},{"id":11,"parser_id":18,"seq":1,"name":"ParsItem","status":0,"selector":".cart-price2.cart-price.price","example_url":"https:\/\/wodolei.ru\/catalog\/dushevie_kabini\/niagara-ng-703-134792-grp\/","code":null,"description":null}]},{"id":19,"alias":"5a25b28c1c9a9","type_id":1,"name":"santeh-import.ru","loader_type":0,"reg_exp":"(^http[s]?:\/\/.*santeh-import.ru.*html$)","status":0,"description":null,"err_description":null,"created_by":1,"updated_by":1,"created_at":1512419980,"updated_at":1512419980,"request_id":null,"actions":[{"id":66,"parser_id":19,"seq":0,"name":"ParsList","status":0,"selector":"#goods-list","example_url":"https:\/\/www.santeh-import.ru\/vanny-vanny-pryamougolnye%2c-kvadratnye-kupit-category_438-b0.html","code":null,"description":null},{"id":67,"parser_id":19,"seq":1,"name":"ParsItem","status":0,"selector":"#detail-goods","example_url":"https:\/\/www.santeh-import.ru\/vanna-chugunnaya-roca-continental-17070-sm-21290100r-21291100r-kupit-goods_136918.html","code":null,"description":null}]},{"id":21,"alias":"5a25b28c1fa24","type_id":1,"name":"techport.ru","loader_type":0,"reg_exp":"(^http[s]?:\/\/.*techport.ru\/katalog\/.*$)","status":0,"description":null,"err_description":null,"created_by":1,"updated_by":1,"created_at":1512419980,"updated_at":1512419980,"request_id":null,"actions":[{"id":50,"parser_id":21,"seq":0,"name":"ParsList","status":0,"selector":"#catalog_list","example_url":"http:\/\/www.techport.ru\/katalog\/products\/santehnika\/vanny","code":null,"description":null},{"id":51,"parser_id":21,"seq":1,"name":"ParsItem","status":0,"selector":".item_info","example_url":"http:\/\/www.techport.ru\/katalog\/products\/santehnika\/vanny\/akrilovye\/riho-miami-180x80x49-bb6400500000000","code":null,"description":null}]},{"id":23,"alias":"5a25b28c22b7b","type_id":1,"name":"vannamoskva.ru","loader_type":0,"reg_exp":"(^http[s]?:\/\/.*vannamoskva.ru\/.*$)","status":0,"description":null,"err_description":null,"created_by":1,"updated_by":1,"created_at":1512419980,"updated_at":1512419980,"request_id":null,"actions":[{"id":22,"parser_id":23,"seq":0,"name":"ParsList","status":0,"selector":".tiny_products","example_url":"https:\/\/vannamoskva.ru\/catalog\/hansgrohe","code":null,"description":null},{"id":23,"parser_id":23,"seq":1,"name":"ParsItem","status":0,"selector":".product.page .product_info","example_url":"https:\/\/vannamoskva.ru\/products\/termostat-dlya-vanny-s-dushem-jacob-delafon-stance-e9103-cp-","code":null,"description":null}]},{"id":24,"alias":"5a25b28c2474b","type_id":1,"name":"deltasan.ru","loader_type":0,"reg_exp":"(^http[s]?:\/\/.*deltasan.ru\/catalog\/.*$)","status":0,"description":null,"err_description":null,"created_by":1,"updated_by":1,"created_at":1512419980,"updated_at":1512419980,"request_id":null,"actions":[{"id":74,"parser_id":24,"seq":0,"name":"ParsList","status":0,"selector":".b-pagination_block","example_url":"http:\/\/deltasan.ru\/catalog\/dushevye-poddony\/nizkiy-dushevoy-poddon\/","code":null,"description":null},{"id":75,"parser_id":24,"seq":1,"name":"ParsItem","status":0,"selector":".card-info_area","example_url":"http:\/\/deltasan.ru\/catalog\/dushevye-poddony\/nizkiy-dushevoy-poddon\/dushevoy-poddon-river-tana-kvadrat-80-80-15\/","code":null,"description":null}]},{"id":25,"alias":"5a25b28c26065","type_id":1,"name":"m-vanna.ru","loader_type":0,"reg_exp":"(^http[s]?:\/\/.*m-vanna.ru\/catalog\/products\/.*$)","status":0,"description":null,"err_description":null,"created_by":1,"updated_by":1,"created_at":1512419980,"updated_at":1512419980,"request_id":null,"actions":[{"id":12,"parser_id":25,"seq":0,"name":"ParsList","status":0,"selector":".eshop-item-list.eshop-item-list_type_catalog","example_url":"https:\/\/www.m-vanna.ru\/catalog\/products\/gidromassazhnye-boksy","code":null,"description":null},{"id":13,"parser_id":25,"seq":1,"name":"ParsItem","status":0,"selector":".eshop-item-detailed","example_url":"https:\/\/www.m-vanna.ru\/catalog\/products\/gidromassazhnye-boksy\/dushevaja-kabina-niagara-ng-1509","code":null,"description":null}]},{"id":26,"alias":"5a25b28c27f16","type_id":1,"name":"ceramicplus.ru","loader_type":0,"reg_exp":"(^http[s]?:\/\/.*ceramicplus.ru\/catalog\/.*$)","status":0,"description":null,"err_description":null,"created_by":1,"updated_by":1,"created_at":1512419980,"updated_at":1512419980,"request_id":null,"actions":[{"id":28,"parser_id":26,"seq":0,"name":"ParsList","status":0,"selector":".pager","example_url":"https:\/\/www.ceramicplus.ru\/catalog\/dushi\/dushevyje_garnitury","code":null,"description":null},{"id":29,"parser_id":26,"seq":1,"name":"ParsItem","status":0,"selector":".product-info","example_url":"https:\/\/www.ceramicplus.ru\/catalog\/dushi\/dushevyje_garnitury\/dushevoy_garnitur_bennberg_h_10016.html","code":null,"description":null}]},{"id":31,"alias":"5a25b28c32a38","type_id":1,"name":"premium-v.ru","loader_type":0,"reg_exp":"(^http[s]?:\/\/.*qq.ru\/product\/.*$)|(^http[s]?:\/\/.*qq.ru\/category\/.*$)","status":0,"description":null,"err_description":null,"created_by":1,"updated_by":1,"created_at":1512419980,"updated_at":1518185757,"request_id":null,"actions":[{"id":24,"parser_id":31,"seq":0,"name":"ParsList","status":0,"selector":"#ml_offset","example_url":"https:\/\/www.premium-v.ru\/products\/710\/recor\/","code":null,"description":null},{"id":25,"parser_id":31,"seq":1,"name":"ParsItem","status":0,"selector":"#product-detail","example_url":"https:\/\/www.premium-v.ru\/products\/recor_classic_170x75.html","code":null,"description":null}]},{"id":29,"alias":"5a25b28c2e555","type_id":1,"name":"gidro-top.ru","loader_type":0,"reg_exp":"(^http[s]?:\/\/.*gidro-top.ru\/product\/.*$)|(^http[s]?:\/\/.*gidro-top.ru\/category\/.*$)","status":0,"description":null,"err_description":null,"created_by":1,"updated_by":1,"created_at":1512419980,"updated_at":1512419980,"request_id":null,"actions":[{"id":42,"parser_id":29,"seq":0,"name":"ParsList","status":0,"selector":"ul.pagination","example_url":"http:\/\/gidro-top.ru\/category\/557\/","code":null,"description":null},{"id":43,"parser_id":29,"seq":1,"name":"ParsItem","status":0,"selector":"div[itemtype=\"http:\/\/schema.org\/Product\"]","example_url":"http:\/\/gidro-top.ru\/product\/triton-standart-120-akrilovaya-vanna-120x70\/","code":null,"description":null}]},{"id":30,"alias":"5a25b28c30c39","type_id":1,"name":"akvita.ru","loader_type":0,"reg_exp":"(^http[s]?:\/\/.*akvita.ru\/catalog\/.*$)","status":0,"description":null,"err_description":null,"created_by":1,"updated_by":1,"created_at":1512419980,"updated_at":1512419980,"request_id":null,"actions":[{"id":70,"parser_id":30,"seq":0,"name":"ParsList","status":0,"selector":"a.pag","example_url":"http:\/\/www.akvita.ru\/catalog\/dushevye_kabiny\/","code":null,"description":null},{"id":71,"parser_id":30,"seq":1,"name":"ParsItem","status":0,"selector":"#dost","example_url":"http:\/\/www.akvita.ru\/catalog\/dushevye_kabiny\/huber_hx514_80x80\/","code":null,"description":null}]},{"id":33,"alias":"5a25b28c36e19","type_id":1,"name":"aquavil.ru","loader_type":0,"reg_exp":"(^http[s]?:\/\/.*aquavil.ru\/catalog\/.*$)","status":0,"description":null,"err_description":null,"created_by":1,"updated_by":1,"created_at":1512419980,"updated_at":1512419980,"request_id":null,"actions":[{"id":44,"parser_id":33,"seq":0,"name":"ParsList","status":0,"selector":"#pagination","example_url":"https:\/\/aquavil.ru\/catalog\/baths\/square\/vanna_relisan_marina_170h75\/","code":null,"description":null},{"id":45,"parser_id":33,"seq":1,"name":"ParsItem","status":0,"selector":".good_card","example_url":"https:\/\/aquavil.ru\/catalog\/baths\/square\/vanna_relisan_marina_170h75\/","code":null,"description":null}]},{"id":34,"alias":"5a25b28c39619","type_id":1,"name":"santeh-diler.ru","loader_type":0,"reg_exp":"(^http[s]?:\/\/.*santeh-diler.ru\/product\/.*$)|(^http[s]?:\/\/.*santeh-diler.ru\/category\/.*$)","status":0,"description":null,"err_description":null,"created_by":1,"updated_by":1,"created_at":1512419980,"updated_at":1512419980,"request_id":null,"actions":[{"id":36,"parser_id":34,"seq":0,"name":"ParsList","status":0,"selector":".main-catalog .catalog-list","example_url":"http:\/\/santeh-diler.ru\/category\/dushevye-kabiny","code":null,"description":null},{"id":37,"parser_id":34,"seq":1,"name":"ParsItem","status":0,"selector":".single-content","example_url":"http:\/\/santeh-diler.ru\/product\/dushevaya-kabina-niagara-ng-510","code":null,"description":null}]},{"id":35,"alias":"5a25b28c3ebcf","type_id":1,"name":"grinc.ru","loader_type":0,"reg_exp":"(^http[s]?:\/\/.*grinc.ru\/.*$)","status":0,"description":null,"err_description":null,"created_by":1,"updated_by":1,"created_at":1512419980,"updated_at":1512419980,"request_id":null,"actions":[{"id":26,"parser_id":35,"seq":0,"name":"ParsList","status":0,"selector":"#product-list","example_url":"http:\/\/grinc.ru\/dushevye-kabiny\/s-gidromassazhem\/","code":null,"description":null},{"id":27,"parser_id":35,"seq":1,"name":"ParsItem","status":0,"selector":"article[itemtype=\"http:\/\/schema.org\/Product\"]","example_url":"http:\/\/grinc.ru\/dushevye-kabiny\/s-gidromassazhem\/niagara-ng-510\/","code":null,"description":null}]},{"id":36,"alias":"5a25b28c43b79","type_id":1,"name":"perl-santehnika.ru","loader_type":0,"reg_exp":"(^http[s]?:\/\/.*perl-santehnika.ru\/.*$)","status":0,"description":null,"err_description":null,"created_by":1,"updated_by":1,"created_at":1512419980,"updated_at":1512419980,"request_id":null,"actions":[{"id":72,"parser_id":36,"seq":0,"name":"ParsList","status":0,"selector":"ul.pagination","example_url":"http:\/\/perl-santehnika.ru\/dushevye-kabiny\/dushevye-kabiny-s-nizkim-poddonom-652\/","code":null,"description":null},{"id":73,"parser_id":36,"seq":1,"name":"ParsItem","status":0,"selector":".product-info","example_url":"http:\/\/perl-santehnika.ru\/dushevye-kabiny\/dushevye-kabiny-s-nizkim-poddonom-652\/dushevaya-kabina-river-rein-90-26-mt","code":null,"description":null}]},{"id":41,"alias":"5a25b28c64d4a","type_id":1,"name":"vanna-doma.ru","loader_type":0,"reg_exp":"(^http[s]?:\/\/.*vanna-doma.ru\/shop\/.*$)","status":0,"description":null,"err_description":null,"created_by":1,"updated_by":1,"created_at":1512419980,"updated_at":1512419980,"request_id":null,"actions":[{"id":32,"parser_id":41,"seq":0,"name":"ParsList","status":0,"selector":".itemsList","example_url":"https:\/\/www.vanna-doma.ru\/shop\/Smesiteli\/s_gigienicheskim_dushem\/","code":null,"description":null},{"id":33,"parser_id":41,"seq":1,"name":"ParsItem","status":0,"selector":"#orderItem","example_url":"https:\/\/www.vanna-doma.ru\/shop\/Smesiteli\/s_gigienicheskim_dushem\/Cezares_GARDA-ID-01_gigienicheskiy_dush-9809.html","code":null,"description":null}]},{"id":48,"alias":"5a25b28c95124","type_id":1,"name":"santeh-centr.ru","loader_type":0,"reg_exp":"(^http[s]?:\/\/.*santeh-centr.ru\/.*$)","status":0,"description":null,"err_description":null,"created_by":1,"updated_by":1,"created_at":1512419980,"updated_at":1512419980,"request_id":null,"actions":[{"id":16,"parser_id":48,"seq":0,"name":"ParsList","status":0,"selector":"ul.pagination","example_url":"https:\/\/santeh-centr.ru\/dushevye-kabiny-gidroboksy\/dushevye-kabiny","code":null,"description":null},{"id":17,"parser_id":48,"seq":1,"name":"ParsItem","status":0,"selector":".producttitle","example_url":"https:\/\/santeh-centr.ru\/dushevye-kabiny-gidroboksy\/dushevye-kabiny\/dushevaja-kabina-ammari-am-082-80-8080215-sm-bez-gidromassazha","code":null,"description":null}]},{"id":49,"alias":"5a25b28c9baeb","type_id":1,"name":"san-mag.ru","loader_type":0,"reg_exp":"(^http[s]?:\/\/.*san-mag.ru\/.*$)","status":0,"description":null,"err_description":null,"created_by":1,"updated_by":1,"created_at":1512419980,"updated_at":1512419980,"request_id":null,"actions":[{"id":64,"parser_id":49,"seq":0,"name":"ParsList","status":0,"selector":"ul.products_list","example_url":"http:\/\/san-mag.ru\/dushevye-kabiny\/","code":null,"description":null},{"id":65,"parser_id":49,"seq":1,"name":"ParsItem","status":0,"selector":"section.product","example_url":"http:\/\/san-mag.ru\/dushevaya-kabina-niagara-ng-2310-r\/","code":null,"description":null}]},{"id":50,"alias":"5a25b28ca1a74","type_id":1,"name":"bathsale.ru","loader_type":0,"reg_exp":"(^http[s]?:\/\/.*bathsale.ru\/katalog-produkczii\/.*$)","status":0,"description":null,"err_description":null,"created_by":1,"updated_by":1,"created_at":1512419980,"updated_at":1512419980,"request_id":null,"actions":[{"id":60,"parser_id":50,"seq":0,"name":"ParsList","status":0,"selector":".products_wrap","example_url":"https:\/\/bathsale.ru\/katalog-produkczii\/dushevyie-kabinyi\/slivnyie-trapyi\/","code":null,"description":null},{"id":61,"parser_id":50,"seq":1,"name":"ParsItem","status":0,"selector":"#product","example_url":"https:\/\/bathsale.ru\/katalog-produkczii\/dushevyie-kabinyi\/slivnyie-trapyi\/dushevoj-boks-frank-f555-140\/85-sm.html","code":null,"description":null}]},{"id":58,"alias":"5a25b28cdf87e","type_id":1,"name":"merida.ru","loader_type":0,"reg_exp":"(^http[s]?:\/\/.*merida.ru\/tovar.*$)","status":0,"description":null,"err_description":null,"created_by":1,"updated_by":1,"created_at":1512419980,"updated_at":1512419980,"request_id":null,"actions":[{"id":68,"parser_id":58,"seq":0,"name":"ParsList","status":0,"selector":".pager","example_url":"http:\/\/merida.ru\/tovary","code":null,"description":null},{"id":69,"parser_id":58,"seq":1,"name":"ParsItem","status":0,"selector":"#price_box","example_url":"http:\/\/merida.ru\/tovar\/1534\/konnektor-dla-zaradnogo-ustrojstva-64602001rus","code":null,"description":null}]},{"id":59,"alias":"5a25b28ce87a8","type_id":1,"name":"radimax.ru","loader_type":0,"reg_exp":"(^https?:\/\/.*radimax.ru\/)","status":0,"description":null,"err_description":null,"created_by":1,"updated_by":1,"created_at":1512419980,"updated_at":1512419980,"request_id":null,"actions":[{"id":62,"parser_id":59,"seq":0,"name":"ParsList","status":0,"selector":".products_list","example_url":"https:\/\/www.radimax.ru\/brands\/retrostyle\/","code":null,"description":null},{"id":63,"parser_id":59,"seq":1,"name":"ParsItem","status":0,"selector":"#owl-single-product","example_url":"https:\/\/www.radimax.ru\/chugunnie_radiatory\/retro_style_windsor\/350\/180.html","code":null,"description":null}]},{"id":1,"alias":"5a25b28bd076e","type_id":1,"name":"dushevoi.ru","loader_type":0,"reg_exp":"(^https?:\/\/.*dushevoi.ru\/products\/)","status":0,"description":null,"err_description":null,"created_by":1,"updated_by":1,"created_at":1512419979,"updated_at":1512741188,"request_id":null,"actions":[{"id":48,"parser_id":1,"seq":0,"name":"ParsList","status":0,"selector":"#all","example_url":"https:\/\/mytishi.dushevoi.ru\/products\/dushevye-kabiny\/","code":null,"description":null},{"id":49,"parser_id":1,"seq":1,"name":"ParsItem","status":0,"selector":"#item-price-wrap","example_url":"https:\/\/mytishi.dushevoi.ru\/products\/dushevaya-kabina-niagara-ng-2508-bk-110703-ware\/","code":null,"description":null}]},{"id":22,"alias":"5a25b28c21418","type_id":1,"name":"1san.ru","loader_type":0,"reg_exp":"(^http[s]?:\/\/.*1san.ru\/.*html$)","status":0,"description":null,"err_description":"\u041d\u0435 \u043d\u0430\u0439\u0434\u0435\u043d \u0441\u0435\u043b\u0435\u043a\u0442\u043e\u0440 'itemSelector' \u0434\u043b\u044f \u0434\u0435\u0439\u0441\u0442\u0432\u0438\u044f actionParsList; \u041d\u0435 \u043d\u0430\u0439\u0434\u0435\u043d \u0441\u0435\u043b\u0435\u043a\u0442\u043e\u0440 'itemSelector' \u0434\u043b\u044f \u0434\u0435\u0439\u0441\u0442\u0432\u0438\u044f actionParsItem; ","created_by":1,"updated_by":1,"created_at":1512419980,"updated_at":1518183946,"request_id":null,"actions":[{"id":40,"parser_id":22,"seq":0,"name":"ParsList","status":0,"selector":".template-product-list","example_url":"https:\/\/1san.ru\/dushevyekabiny.html","code":null,"description":null},{"id":41,"parser_id":22,"seq":1,"name":"ParsItem","status":0,"selector":"div[itemtype=\"http:\/\/schema.org\/Product\"]","example_url":"https:\/\/1san.ru\/id\/dushevaya-kabina-metakam-80h80-bez-poddona-vhod-s-ugla-16253.html","code":null,"description":null}]}]