[{"id":40,"alias":"5a2a8b077db53","type_id":1,"name":"deltasan.ru","loader_type":0,"reg_exp":"(^http[s]?:\/\/.*deltasan.ru\/catalog\/.*$)","example_url":"http:\/\/deltasan.ru\/catalog\/dushevye-poddony\/nizkiy-dushevoy-poddon\/","status":0,"description":null,"err_description":"\u0412\u0441\u0435 \u0432 \u043f\u0440\u043e\u044f\u0434\u043a\u0435","created_by":1,"updated_by":1,"created_at":1512737543,"updated_at":1513269798,"actions":[{"id":73,"parser_id":40,"seq":0,"name":"ParsList","status":0,"selector":".b-pagination_block","example_url":"http:\/\/deltasan.ru\/catalog\/dushevye-poddony\/nizkiy-dushevoy-poddon\/","code":null,"description":null},{"id":74,"parser_id":40,"seq":1,"name":"ParsItem","status":0,"selector":".card-info_area","example_url":"http:\/\/deltasan.ru\/catalog\/dushevye-poddony\/nizkiy-dushevoy-poddon\/dushevoy-poddon-river-tana-kvadrat-80-80-15\/","code":null,"description":null}]},{"id":1,"alias":"5a2a8b073a127","type_id":1,"name":"ceramicplus.ru","loader_type":0,"reg_exp":"(^http[s]?:\/\/.*ceramicplus.ru\/catalog\/.*$)","example_url":"https:\/\/www.ceramicplus.ru\/catalog\/dushi\/dushevyje_garnitury","status":0,"description":null,"err_description":"\u0412\u0441\u0435 \u0432 \u043f\u0440\u043e\u044f\u0434\u043a\u0435","created_by":1,"updated_by":1,"created_at":1512737543,"updated_at":1513269100,"actions":[{"id":71,"parser_id":1,"seq":0,"name":"ParsList","status":0,"selector":".pager","example_url":"https:\/\/www.ceramicplus.ru\/catalog\/dushi\/dushevyje_garnitury","code":null,"description":null},{"id":72,"parser_id":1,"seq":1,"name":"ParsItem","status":0,"selector":".product-info","example_url":"https:\/\/www.ceramicplus.ru\/catalog\/dushi\/dushevyje_garnitury\/dushevoy_garnitur_bennberg_h_10016.html","code":null,"description":null}]},{"id":12,"alias":"5a2a8b0753729","type_id":1,"name":"santeh-opt.ru","loader_type":0,"reg_exp":"(^http[s]?:\/\/.*santeh-opt.ru\/.*$)","example_url":"http:\/\/www.santeh-opt.ru\/tovar.php?nmb=21813","status":0,"description":null,"err_description":"\u0412\u0441\u0435 \u0432 \u043f\u0440\u043e\u044f\u0434\u043a\u0435","created_by":1,"updated_by":1,"created_at":1512737543,"updated_at":1513596872,"actions":[{"id":137,"parser_id":12,"seq":0,"name":"ParsList","status":0,"selector":".glist","example_url":"http:\/\/www.santeh-opt.ru\/index.php?section_id=3445","code":null,"description":null},{"id":138,"parser_id":12,"seq":1,"name":"ParsItem","status":0,"selector":".h_goods_item","example_url":"http:\/\/www.santeh-opt.ru\/tovar.php?nmb=21813","code":null,"description":null}]},{"id":30,"alias":"5a2a8b076f9f9","type_id":1,"name":"santeh-era.ru","loader_type":0,"reg_exp":"(^http[s]?:\/\/[\\w.]*santeh-era.ru\/)","example_url":"http:\/\/santeh-era.ru\/catalog\/vanny_chugunnye\/","status":0,"description":null,"err_description":"\u0412\u0441\u0435 \u0432 \u043f\u0440\u043e\u044f\u0434\u043a\u0435","created_by":1,"updated_by":1,"created_at":1512737543,"updated_at":1513357371,"actions":[{"id":121,"parser_id":30,"seq":0,"name":"ParsList","status":0,"selector":".catalog-box-inner","example_url":"http:\/\/santeh-era.ru\/catalog\/vanny_chugunnye\/","code":null,"description":null},{"id":122,"parser_id":30,"seq":1,"name":"ParsItem","status":0,"selector":"div[itemtype=\"http:\/\/schema.org\/Product\"]","example_url":"http:\/\/santeh-era.ru\/catalog\/vanny_chugunnye\/vanna_chugunnaya_170_kh_75_kirovskiy_zavod_triumf_silver_s_ruchkami\/","code":null,"description":null}]},{"id":23,"alias":"5a2a8b076467c","type_id":1,"name":"aquadom.ru","loader_type":0,"reg_exp":"(^https?:\/\/.*aquadom.ru)","example_url":"http:\/\/www.aquadom.ru\/rakovini\/","status":0,"description":null,"err_description":"\u0412\u0441\u0435 \u0432 \u043f\u0440\u043e\u044f\u0434\u043a\u0435","created_by":1,"updated_by":1,"created_at":1512737543,"updated_at":1513262907,"actions":[{"id":59,"parser_id":23,"seq":0,"name":"ParsList","status":0,"selector":".product-list","example_url":"http:\/\/www.aquadom.ru\/rakovini\/","code":null,"description":null},{"id":60,"parser_id":23,"seq":1,"name":"ParsItem","status":0,"selector":".product-info2","example_url":"http:\/\/www.aquadom.ru\/vstraivaemie_rakovini\/rakovina_hatria_marine_art_y75101\/","code":null,"description":null}]},{"id":24,"alias":"5a2a8b0766190","type_id":1,"name":"dlyavann.ru","loader_type":0,"reg_exp":"(^http[s]?:\/\/[\\w.]*dlyavann.ru\/.*html$)","example_url":"http:\/\/www.dlyavann.ru\/category\/unitazy.html","status":0,"description":null,"err_description":"\u0412\u0441\u0435 \u0432 \u043f\u0440\u043e\u044f\u0434\u043a\u0435","created_by":1,"updated_by":1,"created_at":1512737543,"updated_at":1513284419,"actions":[{"id":79,"parser_id":24,"seq":0,"name":"ParsList","status":0,"selector":"#catlist","example_url":"http:\/\/www.dlyavann.ru\/category\/unitazy.html","code":null,"description":null},{"id":80,"parser_id":24,"seq":1,"name":"ParsItem","status":0,"selector":"div[itemtype=\"http:\/\/schema.org\/Product\"]","example_url":"http:\/\/www.dlyavann.ru\/item\/unitaz-napolnyy-roca-victoria-342399000.html","code":null,"description":null}]},{"id":6,"alias":"5a2a8b074bf42","type_id":1,"name":"premium-v.ru","loader_type":0,"reg_exp":"(^http[s]?:\/\/.*premium-v.ru\/products\/.*$)","example_url":"https:\/\/www.premium-v.ru\/products\/recor_classic_170x75.html","status":0,"description":null,"err_description":"\u0412\u0441\u0435 \u0432 \u043f\u0440\u043e\u044f\u0434\u043a\u0435","created_by":1,"updated_by":1,"created_at":1512737543,"updated_at":1513349205,"actions":[{"id":103,"parser_id":6,"seq":0,"name":"ParsList","status":0,"selector":"#ml_offset","example_url":"https:\/\/www.premium-v.ru\/products\/710\/recor\/","code":null,"description":null},{"id":104,"parser_id":6,"seq":1,"name":"ParsItem","status":0,"selector":"#product-detail","example_url":"https:\/\/www.premium-v.ru\/products\/recor_classic_170x75.html","code":null,"description":null}]},{"id":20,"alias":"5a2a8b075fc2c","type_id":1,"name":"aquatika.ru","loader_type":0,"reg_exp":"(^https?:\/\/.*aquatika.ru\/prods_.*html$)","example_url":"http:\/\/www.aquatika.ru\/prods_radius.html","status":0,"description":null,"err_description":"\u0412\u0441\u0435 \u0432 \u043f\u0440\u043e\u044f\u0434\u043a\u0435","created_by":1,"updated_by":1,"created_at":1512737543,"updated_at":1513280015,"actions":[{"id":75,"parser_id":20,"seq":0,"name":"ParsList","status":0,"selector":"#prod-table","example_url":"http:\/\/www.aquatika.ru\/prods_rectangular.html","code":null,"description":null},{"id":76,"parser_id":20,"seq":1,"name":"ParsItem","status":0,"selector":"#prod-name","example_url":"http:\/\/www.aquatika.ru\/item_unior.html","code":null,"description":null}]},{"id":18,"alias":"5a2a8b075cfd1","type_id":1,"name":"center-santehniki.ru","loader_type":0,"reg_exp":"(?!^.*html$)(^http[s]?:\/\/[\\w.]*center-santehniki.ru\/catalog\/)","example_url":"https:\/\/center-santehniki.ru\/catalog\/vanny\/akrilovye\/","status":2,"description":null,"err_description":"\u041e\u0431\u043d\u0430\u0440\u0443\u0436\u0435\u043d\u044b \u043e\u0448\u0438\u0431\u043a\u0438 \u0432 \u0440\u0430\u0431\u043e\u0442\u0435: name - \u041d\u0435\u043e\u0431\u0445\u043e\u0434\u0438\u043c\u043e \u0437\u0430\u043f\u043e\u043b\u043d\u0438\u0442\u044c \u00abName\u00bb.; : price - \u0417\u043d\u0430\u0447\u0435\u043d\u0438\u0435 \u00abPrice\u00bb \u0434\u043e\u043b\u0436\u043d\u043e \u0431\u044b\u0442\u044c \u043d\u0435 \u043c\u0435\u043d\u044c\u0448\u0435 0.01.; : actionParsItem - \u041e\u0448\u0438\u0431\u043a\u0430 \u043f\u0430\u0440\u0441\u0438\u043d\u0433\u0430; ","created_by":1,"updated_by":1,"created_at":1512737543,"updated_at":1513282273,"actions":[{"id":69,"parser_id":18,"seq":0,"name":"ParsList","status":0,"selector":".ategory-product","example_url":"https:\/\/center-santehniki.ru\/catalog\/vanny\/akrilovye\/","code":null,"description":null},{"id":70,"parser_id":18,"seq":1,"name":"ParsItem","status":0,"selector":".product-info","example_url":"https:\/\/center-santehniki.ru\/catalog\/vanny\/akrilovye\/akrilovaya-vanna-kolpa-san-accordo-140x70s-basis.html","code":null,"description":null}]},{"id":10,"alias":"5a2a8b07506a5","type_id":1,"name":"grinc.ru","loader_type":0,"reg_exp":"(^http[s]?:\/\/.*grinc.ru\/.*$)","example_url":"http:\/\/grinc.ru\/dushevye-kabiny\/s-gidromassazhem\/niagara-ng-510\/","status":0,"description":null,"err_description":"\u0412\u0441\u0435 \u0432 \u043f\u0440\u043e\u044f\u0434\u043a\u0435","created_by":1,"updated_by":1,"created_at":1512737543,"updated_at":1513326258,"actions":[{"id":83,"parser_id":10,"seq":0,"name":"ParsList","status":0,"selector":"#product-list","example_url":"http:\/\/grinc.ru\/dushevye-kabiny\/s-gidromassazhem\/","code":null,"description":null},{"id":84,"parser_id":10,"seq":1,"name":"ParsItem","status":0,"selector":"article[itemtype=\"http:\/\/schema.org\/Product\"]","example_url":"http:\/\/grinc.ru\/dushevye-kabiny\/s-gidromassazhem\/niagara-ng-510\/","code":null,"description":null}]},{"id":37,"alias":"5a2a8b0779b2a","type_id":1,"name":"1san.ru","loader_type":0,"reg_exp":"(^http[s]?:\/\/.*1san.ru\/.*html$)","example_url":"https:\/\/1san.ru\/dushevyekabiny.html","status":0,"description":null,"err_description":"\u0412\u0441\u0435 \u0432 \u043f\u0440\u043e\u044f\u0434\u043a\u0435","created_by":1,"updated_by":1,"created_at":1512737543,"updated_at":1513611895,"actions":[{"id":47,"parser_id":37,"seq":0,"name":"ParsList","status":0,"selector":".template-product-list","example_url":"https:\/\/1san.ru\/dushevyekabiny.html","code":null,"description":null},{"id":48,"parser_id":37,"seq":1,"name":"ParsItem","status":0,"selector":"div[itemtype=\"http:\/\/schema.org\/Product\"]","example_url":"https:\/\/1san.ru\/id\/dushevaya-kabina-metakam-80h80-bez-poddona-vhod-s-ugla-16253.html","code":null,"description":null}]},{"id":21,"alias":"5a2a8b076128b","type_id":1,"name":"santehnika-tut.ru","loader_type":0,"reg_exp":"(^https?:\/\/[\\w.]*santehnika-tut.ru\/)","example_url":"http:\/\/santehnika-tut.ru\/dushevye-kabiny\/","status":0,"description":null,"err_description":"\u0412\u0441\u0435 \u0432 \u043f\u0440\u043e\u044f\u0434\u043a\u0435","created_by":1,"updated_by":1,"created_at":1512737543,"updated_at":1513595679,"actions":[{"id":135,"parser_id":21,"seq":0,"name":"ParsList","status":0,"selector":".insideCatalog","example_url":"http:\/\/santehnika-tut.ru\/dushevye-kabiny\/","code":null,"description":null},{"id":136,"parser_id":21,"seq":1,"name":"ParsItem","status":0,"selector":".productItem","example_url":"http:\/\/santehnika-tut.ru\/k31971.html","code":null,"description":null}]},{"id":17,"alias":"5a2a8b075b757","type_id":1,"name":"santehnika-online.ru","loader_type":0,"reg_exp":"(^https?:\/\/[\\w.]*santehnika-online.ru\/.*$)","example_url":"https:\/\/santehnika-online.ru\/vanny\/stalnye\/","status":0,"description":null,"err_description":"\u0412\u0441\u0435 \u0432 \u043f\u0440\u043e\u044f\u0434\u043a\u0435","created_by":1,"updated_by":1,"created_at":1512737543,"updated_at":1513364943,"actions":[{"id":131,"parser_id":17,"seq":0,"name":"ParsList","status":0,"selector":"#content .vidacha","example_url":"https:\/\/santehnika-online.ru\/vanny\/stalnye\/","code":null,"description":null},{"id":132,"parser_id":17,"seq":1,"name":"ParsItem","status":0,"selector":".cartproduct.cart-of-product-now","example_url":"https:\/\/santehnika-online.ru\/product\/stalnaya_vanna_roca_princess_170_sm_689130\/","code":null,"description":null}]},{"id":27,"alias":"5a2a8b076ae52","type_id":1,"name":"santehnika-room","loader_type":0,"reg_exp":"(^http[s]?:\/\/[\\w.]*santehnika-room.ru\/)","example_url":"https:\/\/www.santehnika-room.ru\/unitazy\/napolnye","status":0,"description":null,"err_description":"\u0412\u0441\u0435 \u0432 \u043f\u0440\u043e\u044f\u0434\u043a\u0435","created_by":1,"updated_by":1,"created_at":1512737543,"updated_at":1513365452,"actions":[{"id":133,"parser_id":27,"seq":0,"name":"ParsList","status":0,"selector":".catalog","example_url":"https:\/\/www.santehnika-room.ru\/unitazy\/napolnye","code":null,"description":null},{"id":134,"parser_id":27,"seq":1,"name":"ParsItem","status":0,"selector":".b-card","example_url":"https:\/\/www.santehnika-room.ru\/unitazy\/napolnye\/napolnyj-unitaz-sanita-lux-best-lux-sl900303","code":null,"description":null}]},{"id":4,"alias":"5a2a8b0749c81","type_id":1,"name":"gidro-top.ru","loader_type":0,"reg_exp":"(^http[s]?:\/\/.*gidro-top.ru\/product\/.*$)|(^http[s]?:\/\/.*gidro-top.ru\/category\/.*$)","example_url":"http:\/\/gidro-top.ru\/product\/viega-704353-advantix-vario-set\/","status":0,"description":null,"err_description":"\u0412\u0441\u0435 \u0432 \u043f\u0440\u043e\u044f\u0434\u043a\u0435","created_by":1,"updated_by":1,"created_at":1512737543,"updated_at":1513325331,"actions":[{"id":81,"parser_id":4,"seq":0,"name":"ParsList","status":0,"selector":"ul.pagination","example_url":"http:\/\/gidro-top.ru\/category\/557\/","code":null,"description":null},{"id":82,"parser_id":4,"seq":1,"name":"ParsItem","status":0,"selector":"div[itemtype=\"http:\/\/schema.org\/Product\"]","example_url":"http:\/\/gidro-top.ru\/product\/triton-standart-120-akrilovaya-vanna-120x70\/","code":null,"description":null}]},{"id":13,"alias":"5a2a8b07550d1","type_id":1,"name":"sangold.ru","loader_type":0,"reg_exp":"(^http[s]?:\/\/.*sangold.ru\/.*$)","example_url":"http:\/\/sangold.ru\/index.php?productID=9580","status":2,"description":null,"err_description":"\u041e\u0431\u043d\u0430\u0440\u0443\u0436\u0435\u043d\u044b \u043e\u0448\u0438\u0431\u043a\u0438 \u0432 \u0440\u0430\u0431\u043e\u0442\u0435: ParsList - \u041d\u0435 \u0437\u0430\u0434\u0430\u043d URL; : ParsItem - \u041d\u0435 \u0437\u0430\u0434\u0430\u043d URL; ","created_by":1,"updated_by":1,"created_at":1512737543,"updated_at":1513353064,"actions":[{"id":111,"parser_id":13,"seq":0,"name":"ParsList","status":0,"selector":"#cat_product_sort","example_url":"http:\/\/sangold.ru\/index.php?categoryID=1644","code":null,"description":null},{"id":112,"parser_id":13,"seq":1,"name":"ParsItem","status":0,"selector":".cpt_product_name","example_url":"http:\/\/sangold.ru\/index.php?productID=9580","code":null,"description":null}]},{"id":38,"alias":"5a2a8b077b01e","type_id":1,"name":"techport.ru","loader_type":0,"reg_exp":"(^http[s]?:\/\/.*techport.ru\/katalog\/.*$)","example_url":"http:\/\/www.techport.ru\/katalog\/products\/santehnika\/vanny","status":0,"description":null,"err_description":"\u0412\u0441\u0435 \u0432 \u043f\u0440\u043e\u044f\u0434\u043a\u0435","created_by":1,"updated_by":1,"created_at":1512737543,"updated_at":1513606163,"actions":[{"id":153,"parser_id":38,"seq":0,"name":"ParsList","status":0,"selector":"#catalog_list","example_url":"http:\/\/www.techport.ru\/katalog\/products\/santehnika\/vanny","code":null,"description":null},{"id":154,"parser_id":38,"seq":1,"name":"ParsItem","status":0,"selector":".item_info","example_url":"http:\/\/www.techport.ru\/katalog\/products\/santehnika\/vanny\/akrilovye\/riho-miami-180x80x49-bb6400500000000","code":null,"description":null}]},{"id":28,"alias":"5a2a8b076c779","type_id":1,"name":"santehtop.ru","loader_type":0,"reg_exp":"(^http[s]?:\/\/[\\w.]*santehtop.ru\/)","example_url":"http:\/\/www.santehtop.ru\/vanny\/akrilovie\/aquatika\/","status":0,"description":null,"err_description":"\u0412\u0441\u0435 \u0432 \u043f\u0440\u043e\u044f\u0434\u043a\u0435","created_by":1,"updated_by":1,"created_at":1512737543,"updated_at":1513598736,"actions":[{"id":139,"parser_id":28,"seq":0,"name":"ParsList","status":0,"selector":".catalog-goods__list","example_url":"https:\/\/www.santehtop.ru\/vanny\/akrilovie\/aquatika\/","code":null,"description":null},{"id":140,"parser_id":28,"seq":1,"name":"ParsItem","status":0,"selector":".prod-prop","example_url":"https:\/\/www.santehtop.ru\/aquatika-junior\/","code":null,"description":null}]},{"id":31,"alias":"5a2a8b07716f1","type_id":1,"name":"sdvk.ru","loader_type":0,"reg_exp":"(^http[s]?:\/\/[\\w.]*sdvk.ru\/)","example_url":"https:\/\/sdvk.ru\/Dushevie_kabini\/Niagara\/","status":0,"description":null,"err_description":"\u0412\u0441\u0435 \u0432 \u043f\u0440\u043e\u044f\u0434\u043a\u0435","created_by":1,"updated_by":1,"created_at":1512737543,"updated_at":1513601437,"actions":[{"id":145,"parser_id":31,"seq":0,"name":"ParsList","status":0,"selector":".list-controls","example_url":"https:\/\/sdvk.ru\/Dushevie_kabini\/Niagara\/","code":null,"description":null},{"id":146,"parser_id":31,"seq":1,"name":"ParsItem","status":0,"selector":"#item","example_url":"https:\/\/sdvk.ru\/Dushevie_kabini\/niagara-ng-5170-product\/","code":null,"description":null}]},{"id":36,"alias":"5a2a8b077854d","type_id":1,"name":"santeh-magt.ru","loader_type":0,"reg_exp":"(^http[s]?:\/\/.*santeh-mag.com\/katalog\/)","example_url":"http:\/\/santeh-mag.com\/katalog\/dushevye-boksy\/","status":2,"description":null,"err_description":"\u041e\u0431\u043d\u0430\u0440\u0443\u0436\u0435\u043d\u044b \u043e\u0448\u0438\u0431\u043a\u0438 \u0432 \u0440\u0430\u0431\u043e\u0442\u0435: actionParsList - \u041e\u0448\u0438\u0431\u043a\u0430 \u043f\u0430\u0440\u0441\u0438\u043d\u0433\u0430; : price - \u0417\u043d\u0430\u0447\u0435\u043d\u0438\u0435 \u00abPrice\u00bb \u0434\u043e\u043b\u0436\u043d\u043e \u0431\u044b\u0442\u044c \u043d\u0435 \u043c\u0435\u043d\u044c\u0448\u0435 0.01.; : price - ; ","created_by":1,"updated_by":1,"created_at":1512737543,"updated_at":1513362361,"actions":[{"id":127,"parser_id":36,"seq":0,"name":"ParsList","status":0,"selector":".catlog-section-list","example_url":"http:\/\/santeh-mag.com\/katalog\/dushevye-boksy\/","code":null,"description":null},{"id":128,"parser_id":36,"seq":1,"name":"ParsItem","status":0,"selector":".catalog-element","example_url":"http:\/\/santeh-mag.com\/katalog\/dushevye-boksy\/dushevoy-boks-nautico-sw-9135\/","code":null,"description":null}]},{"id":33,"alias":"5a2a8b077432c","type_id":1,"name":"wodolei.ru","loader_type":0,"reg_exp":"(^http[s]?:\/\/[\\w.]*wodolei.ru\/catalog\/)","example_url":"https:\/\/wodolei.ru\/catalog\/dushevie_kabini\/Niagara\/","status":0,"description":null,"err_description":"\u0412\u0441\u0435 \u0432 \u043f\u0440\u043e\u044f\u0434\u043a\u0435","created_by":1,"updated_by":1,"created_at":1512737543,"updated_at":1513608672,"actions":[{"id":159,"parser_id":33,"seq":0,"name":"ParsList","status":0,"selector":"#items-list","example_url":"https:\/\/wodolei.ru\/catalog\/dushevie_kabini\/Niagara\/","code":null,"description":null},{"id":160,"parser_id":33,"seq":1,"name":"ParsItem","status":0,"selector":".cart-price2.cart-price.price","example_url":"https:\/\/wodolei.ru\/catalog\/dushevie_kabini\/niagara-ng-703-134792-grp\/","code":null,"description":null}]},{"id":41,"alias":"5a2a8b077ed5c","type_id":1,"name":"m-vanna.ru","loader_type":0,"reg_exp":"(^http[s]?:\/\/.*m-vanna.ru\/catalog\/products\/.*$)","example_url":"https:\/\/www.m-vanna.ru\/catalog\/products\/gidromassazhnye-boksy\/dushevaja-kabina-niagara-ng-1509","status":0,"description":null,"err_description":"\u0412\u0441\u0435 \u0432 \u043f\u0440\u043e\u044f\u0434\u043a\u0435","created_by":1,"updated_by":1,"created_at":1512737543,"updated_at":1513337726,"actions":[{"id":95,"parser_id":41,"seq":0,"name":"ParsList","status":0,"selector":".eshop-item-list.eshop-item-list_type_catalog","example_url":"https:\/\/www.m-vanna.ru\/catalog\/products\/gidromassazhnye-boksy","code":null,"description":null},{"id":96,"parser_id":41,"seq":1,"name":"ParsItem","status":0,"selector":".eshop-item-detailed","example_url":"https:\/\/www.m-vanna.ru\/catalog\/products\/gidromassazhnye-boksy\/dushevaja-kabina-niagara-ng-1509","code":null,"description":null}]},{"id":57,"alias":"5a2a8b0797d59","type_id":1,"name":"radimax.ru","loader_type":0,"reg_exp":"(^https?:\/\/.*radimax.ru\/)","example_url":"https:\/\/www.radimax.ru\/brands\/retrostyle\/","status":0,"description":null,"err_description":"\u0412\u0441\u0435 \u0432 \u043f\u0440\u043e\u044f\u0434\u043a\u0435","created_by":1,"updated_by":1,"created_at":1512737543,"updated_at":1513351773,"actions":[{"id":107,"parser_id":57,"seq":0,"name":"ParsList","status":0,"selector":".products_list","example_url":"https:\/\/www.radimax.ru\/brands\/retrostyle\/","code":null,"description":null},{"id":108,"parser_id":57,"seq":1,"name":"ParsItem","status":0,"selector":"#owl-single-product","example_url":"https:\/\/www.radimax.ru\/chugunnie_radiatory\/retro_style_windsor\/350\/180.html","code":null,"description":null}]},{"id":46,"alias":"5a2a8b0786808","type_id":1,"name":"mir-wan.ru","loader_type":0,"reg_exp":"(^http[s]?:\/\/.*mir-wan.ru.*(sub|tov)+.*$)","example_url":"http:\/\/mir-wan.ru\/tov\/41747\/niagara_ng-309\/","status":2,"description":null,"err_description":"\u041e\u0431\u043d\u0430\u0440\u0443\u0436\u0435\u043d\u044b \u043e\u0448\u0438\u0431\u043a\u0438 \u0432 \u0440\u0430\u0431\u043e\u0442\u0435: discoverAction - \u041d\u0435 \u0443\u0434\u0430\u043b\u043e\u0441\u044c \u043e\u043f\u0440\u0435\u0434\u0435\u043b\u0438\u0442\u044c \u0434\u0435\u0439\u0441\u0442\u0432\u0438\u0435 \u043f\u0430\u0440\u0441\u0435\u0440\u0430; : name - \u041d\u0435\u043e\u0431\u0445\u043e\u0434\u0438\u043c\u043e \u0437\u0430\u043f\u043e\u043b\u043d\u0438\u0442\u044c \u00abName\u00bb.; : price - \u0417\u043d\u0430\u0447\u0435\u043d\u0438\u0435 \u00abPrice\u00bb \u0434\u043e\u043b\u0436\u043d\u043e \u0431\u044b\u0442\u044c \u043d\u0435 \u043c\u0435\u043d\u044c\u0448\u0435 0.01.; : actionParsItem - \u041e\u0448\u0438\u0431\u043a\u0430 \u043f\u0430\u0440\u0441\u0438\u043d\u0433\u0430; ","created_by":1,"updated_by":1,"created_at":1512737543,"updated_at":1513331903,"actions":[{"id":93,"parser_id":46,"seq":0,"name":"ParsList","status":0,"selector":"[itemprop=\"itemListElement\"]","example_url":"http:\/\/mir-wan.ru\/cat\/17\/polotentsesushiteli\/","code":null,"description":null},{"id":94,"parser_id":46,"seq":1,"name":"ParsItem","status":0,"selector":".highslide-caption","example_url":"http:\/\/mir-wan.ru\/tov\/41747\/niagara_ng-309\/","code":null,"description":null}]},{"id":55,"alias":"5a2a8b0794478","type_id":1,"name":"sportmaster.ru","loader_type":0,"reg_exp":"(^http[s]?:\/\/.*sportmaster.ru\/(catalog|product).*$)","example_url":"https:\/\/www.sportmaster.ru\/catalog\/begovye_lyzhi\/lyzhi\/","status":0,"description":null,"err_description":"\u0412\u0441\u0435 \u0432 \u043f\u0440\u043e\u044f\u0434\u043a\u0435","created_by":1,"updated_by":1,"created_at":1512737543,"updated_at":1513603792,"actions":[{"id":149,"parser_id":55,"seq":0,"name":"ParsList","status":0,"selector":"#categoryItemContainer","example_url":"https:\/\/www.sportmaster.ru\/catalog\/begovye_lyzhi\/lyzhi\/","code":null,"description":null},{"id":150,"parser_id":55,"seq":1,"name":"ParsItem","status":0,"selector":".sm-goods","example_url":"https:\/\/www.sportmaster.ru\/product\/1755424\/","code":null,"description":null}]},{"id":53,"alias":"5a2a8b0790b8b","type_id":1,"name":"parser-dlya-sayta.ru","loader_type":0,"reg_exp":"(^http[s]?:\/\/.*kwork.ru\/land\/parser-dlya-sayta.*$)","example_url":"https:\/\/kwork.ru\/land\/parser-dlya-sayta","status":2,"description":null,"err_description":"\u041d\u0435 \u0437\u0430\u0434\u0430\u043d URL \u0434\u043b\u044f \u0434\u0435\u0439\u0441\u0442\u0432\u0438\u044f actionParsList; \u041d\u0435 \u0437\u0430\u0434\u0430\u043d URL \u0434\u043b\u044f \u0434\u0435\u0439\u0441\u0442\u0432\u0438\u044f actionParsItem; ","created_by":1,"updated_by":1,"created_at":1512737543,"updated_at":1513338338,"actions":[{"id":97,"parser_id":53,"seq":0,"name":"ParsList","status":0,"selector":".cusongslist.cusongslist_4_column.c4c","example_url":"https:\/\/kwork.ru\/land\/parser-dlya-sayta","code":null,"description":null},{"id":98,"parser_id":53,"seq":1,"name":"ParsItem","status":0,"selector":".centerwrap.clearfix.pb20.m-p0","example_url":"https:\/\/kwork.ru\/script-programming\/747\/napishu-parser-dannykh-sayta-delphi-dlya-windows-ili-php-skript-dlya-sayta","code":null,"description":null}]},{"id":47,"alias":"5a2a8b07881b0","type_id":1,"name":"santekhnika.ru","loader_type":0,"reg_exp":"(^http[s]?:\/\/.*santekhnika.ru\/.*$)","example_url":"http:\/\/www.santekhnika.ru\/dushevaya-kabina-niagara-ng-510.html","status":0,"description":null,"err_description":"\u0412\u0441\u0435 \u0432 \u043f\u0440\u043e\u044f\u0434\u043a\u0435","created_by":1,"updated_by":1,"created_at":1512737543,"updated_at":1513599694,"actions":[{"id":141,"parser_id":47,"seq":0,"name":"ParsList","status":0,"selector":".catalog","example_url":"http:\/\/www.santekhnika.ru\/dushevye-kabiny-shtorki-ugolki\/dushevye-kabiny\/","code":null,"description":null},{"id":142,"parser_id":47,"seq":1,"name":"ParsItem","status":0,"selector":".itembox","example_url":"http:\/\/www.santekhnika.ru\/dushevaya-kabina-niagara-ng-510.html","code":null,"description":null}]},{"id":43,"alias":"5a2a8b0781c3c","type_id":1,"name":"santut.ru","loader_type":0,"reg_exp":"(^http[s]?:\/\/.*santut.ru\/.*\/.*(product_id)?.*$)","example_url":"https:\/\/santut.ru\/dushevye-kabiny-gidroboksy\/dushevye-ugli?product_id=1557","status":0,"description":null,"err_description":"\u0412\u0441\u0435 \u0432 \u043f\u0440\u043e\u044f\u0434\u043a\u0435","created_by":1,"updated_by":1,"created_at":1512737543,"updated_at":1513600239,"actions":[{"id":143,"parser_id":43,"seq":0,"name":"ParsList","status":0,"selector":".product-grid","example_url":"https:\/\/santut.ru\/dushevye-kabiny-gidroboksy\/dushevye-ugli","code":null,"description":null},{"id":144,"parser_id":43,"seq":1,"name":"ParsItem","status":0,"selector":".product-info","example_url":"https:\/\/santut.ru\/dushevye-kabiny-gidroboksy\/dushevye-ugli?product_id=1557","code":null,"description":null}]},{"id":48,"alias":"5a2a8b0789883","type_id":1,"name":"santeh-centr.ru","loader_type":0,"reg_exp":"(^http[s]?:\/\/.*santeh-centr.ru\/.*$)","example_url":"https:\/\/santeh-centr.ru\/dushevye-kabiny-gidroboksy\/dushevye-kabiny\/dushevaja-kabina-ammari-am-082-80-8080215-sm-bez-gidromassazha","status":0,"description":null,"err_description":"\u0412\u0441\u0435 \u0432 \u043f\u0440\u043e\u044f\u0434\u043a\u0435","created_by":1,"updated_by":1,"created_at":1512737543,"updated_at":1513356147,"actions":[{"id":117,"parser_id":48,"seq":0,"name":"ParsList","status":0,"selector":"ul.pagination","example_url":"https:\/\/santeh-centr.ru\/dushevye-kabiny-gidroboksy\/dushevye-kabiny","code":null,"description":null},{"id":118,"parser_id":48,"seq":1,"name":"ParsItem","status":0,"selector":".producttitle","example_url":"https:\/\/santeh-centr.ru\/dushevye-kabiny-gidroboksy\/dushevye-kabiny\/dushevaja-kabina-ammari-am-082-80-8080215-sm-bez-gidromassazha","code":null,"description":null}]},{"id":49,"alias":"5a2a8b078b046","type_id":1,"name":"san-mag.ru","loader_type":0,"reg_exp":"(^http[s]?:\/\/.*san-mag.ru\/.*$)","example_url":"http:\/\/san-mag.ru\/dushevaya-kabina-niagara-ng-2310-r\/","status":0,"description":null,"err_description":"\u0412\u0441\u0435 \u0432 \u043f\u0440\u043e\u044f\u0434\u043a\u0435","created_by":1,"updated_by":1,"created_at":1512737543,"updated_at":1513353982,"actions":[{"id":113,"parser_id":49,"seq":0,"name":"ParsList","status":0,"selector":"ul.products_list","example_url":"http:\/\/san-mag.ru\/dushevye-kabiny\/","code":null,"description":null},{"id":114,"parser_id":49,"seq":1,"name":"ParsItem","status":0,"selector":"section.product","example_url":"http:\/\/san-mag.ru\/dushevaya-kabina-niagara-ng-2310-r\/","code":null,"description":null}]},{"id":51,"alias":"5a2a8b078def4","type_id":1,"name":"hit-vanna.ru","loader_type":0,"reg_exp":"(^http[s]?:\/\/.*hit-vanna.ru\/.*$)","example_url":"http:\/\/hit-vanna.ru\/dushevye-kabiny-boksy-gidromassazhye\/dushevye-kabiny-asimmetrichnye-kupit-ceny-razmery\/dushevaja-kabina-niagara-ng-1310-r-uglovaja.html","status":2,"description":null,"err_description":"\u041e\u0431\u043d\u0430\u0440\u0443\u0436\u0435\u043d\u044b \u043e\u0448\u0438\u0431\u043a\u0438 \u0432 \u0440\u0430\u0431\u043e\u0442\u0435: ParsList - \u041d\u0435 \u0437\u0430\u0434\u0430\u043d URL; : ParsItem - \u041d\u0435 \u0437\u0430\u0434\u0430\u043d URL; ","created_by":1,"updated_by":1,"created_at":1512737543,"updated_at":1513329408,"actions":[{"id":87,"parser_id":51,"seq":0,"name":"ParsList","status":0,"selector":".pagination","example_url":"http:\/\/hit-vanna.ru\/dushevye-kabiny-boksy-gidromassazhye\/dushevye-kabiny-asimmetrichnye-kupit-ceny-razmery\/","code":null,"description":null},{"id":88,"parser_id":51,"seq":1,"name":"ParsItem","status":0,"selector":".product-info","example_url":"http:\/\/hit-vanna.ru\/dushevye-kabiny-boksy-gidromassazhye\/dushevye-kabiny-asimmetrichnye-kupit-ceny-razmery\/dushevaja-kabina-aqua-joy-aj-1122-l-uglovaja.html","code":null,"description":null}]},{"id":56,"alias":"5a2a8b079615b","type_id":1,"name":"merida.ru","loader_type":0,"reg_exp":"(^http[s]?:\/\/.*merida.ru\/tovar.*$)","example_url":"http:\/\/merida.ru\/tovary","status":0,"description":null,"err_description":"\u0412\u0441\u0435 \u0432 \u043f\u0440\u043e\u044f\u0434\u043a\u0435","created_by":1,"updated_by":1,"created_at":1512737543,"updated_at":1513331165,"actions":[{"id":91,"parser_id":56,"seq":0,"name":"ParsList","status":0,"selector":".pager","example_url":"http:\/\/merida.ru\/tovary","code":null,"description":null},{"id":92,"parser_id":56,"seq":1,"name":"ParsItem","status":0,"selector":"#price_box","example_url":"http:\/\/merida.ru\/tovar\/1534\/konnektor-dla-zaradnogo-ustrojstva-64602001rus","code":null,"description":null}]},{"id":11,"alias":"5a2a8b0751f32","type_id":1,"name":"perl-santehnika.ru","loader_type":0,"reg_exp":"(^http[s]?:\/\/.*perl-santehnika.ru\/.*$)","example_url":"http:\/\/perl-santehnika.ru\/dushevye-kabiny\/dushevye-kabiny-s-nizkim-poddonom-652\/dushevaya-kabina-river-rein-90-26-mt","status":0,"description":null,"err_description":"\u0412\u0441\u0435 \u0432 \u043f\u0440\u043e\u044f\u0434\u043a\u0435","created_by":1,"updated_by":1,"created_at":1512737543,"updated_at":1513347168,"actions":[{"id":101,"parser_id":11,"seq":0,"name":"ParsList","status":0,"selector":"ul.pagination","example_url":"http:\/\/perl-santehnika.ru\/dushevye-kabiny\/dushevye-kabiny-s-nizkim-poddonom-652\/","code":null,"description":null},{"id":102,"parser_id":11,"seq":1,"name":"ParsItem","status":0,"selector":".product-info","example_url":"http:\/\/perl-santehnika.ru\/dushevye-kabiny\/dushevye-kabiny-s-nizkim-poddonom-652\/dushevaya-kabina-river-rein-90-26-mt","code":null,"description":null}]},{"id":54,"alias":"5a2a8b0792a8a","type_id":1,"name":"vkak.deer.io","loader_type":0,"reg_exp":"(^http[s]?:\/\/.*vkak.deer.io.*$)","example_url":"http:\/\/vkak.deer.io\/","status":1,"description":null,"err_description":"\u041e\u0431\u043d\u0430\u0440\u0443\u0436\u0435\u043d\u044b \u043e\u0448\u0438\u0431\u043a\u0438 \u0432 \u0440\u0430\u0431\u043e\u0442\u0435: ParsList - \u041d\u0435 \u0437\u0430\u0434\u0430\u043d URL; : ParsItem - \u041d\u0435 \u0437\u0430\u0434\u0430\u043d URL; ","created_by":1,"updated_by":1,"created_at":1512737543,"updated_at":1513260407,"actions":[{"seq":0,"parser_id":54,"name":"ParsList","status":0,"example_url":"111"},{"seq":1,"parser_id":54,"name":"ParsItem","status":0,"example_url":"222"}]},{"id":44,"alias":"5a2a8b0783064","type_id":1,"name":"spa.com.ru","loader_type":0,"reg_exp":"(^http[s]?:\/\/.*spa.com.ru\/.*(sid=|id=)+.*$)","example_url":"http:\/\/spa.com.ru\/bathsdetail.php?id=2927&sid=292&l_from=120&l_to=140","status":2,"description":null,"err_description":"\u041e\u0431\u043d\u0430\u0440\u0443\u0436\u0435\u043d\u044b \u043e\u0448\u0438\u0431\u043a\u0438 \u0432 \u0440\u0430\u0431\u043e\u0442\u0435: actionParsList - \u041e\u0448\u0438\u0431\u043a\u0430 \u043f\u0430\u0440\u0441\u0438\u043d\u0433\u0430; : name - \u041d\u0435\u043e\u0431\u0445\u043e\u0434\u0438\u043c\u043e \u0437\u0430\u043f\u043e\u043b\u043d\u0438\u0442\u044c \u00abName\u00bb.; ","created_by":1,"updated_by":1,"created_at":1512737543,"updated_at":1513603166,"actions":[{"id":147,"parser_id":44,"seq":0,"name":"ParsList","status":0,"selector":"table.right_goods_tbl:eq(1)","example_url":"http:\/\/spa.com.ru\/bathslist.php?rid=2049&sid=292","code":null,"description":null},{"id":148,"parser_id":44,"seq":1,"name":"ParsItem","status":0,"selector":"form[name=\"tovar\"]","example_url":"http:\/\/spa.com.ru\/bathsdetail.php?id=2927&sid=292&l_from=120&l_to=140","code":null,"description":null}]},{"id":52,"alias":"5a2a8b078f4bc","type_id":1,"name":"hunting4all.ru","loader_type":0,"reg_exp":"(^http[s]?:\/\/.*hunting4all.ru\/.*$)","example_url":"http:\/\/hunting4all.ru\/","status":2,"description":null,"err_description":"\u041e\u0431\u043d\u0430\u0440\u0443\u0436\u0435\u043d\u044b \u043e\u0448\u0438\u0431\u043a\u0438 \u0432 \u0440\u0430\u0431\u043e\u0442\u0435: discoverAction - \u041d\u0435\u043e\u0434\u043d\u043e\u0437\u043d\u0430\u0447\u043d\u043e\u0435 \u043e\u043f\u0440\u0435\u0434\u0435\u043b\u0435\u043d\u0438\u0435 \u0434\u0435\u0439\u0441\u0442\u0432\u0438\u044f \u043f\u0430\u0440\u0441\u0435\u0440\u0430 (\u043d\u0430\u0448\u0435\u043b \u043d\u0435\u0441\u043a\u043e\u043b\u044c\u043a\u043e \u0432\u0430\u0440\u0438\u0430\u043d\u0442\u043e\u0432); : discoverAction - \u041d\u0435\u043e\u0434\u043d\u043e\u0437\u043d\u0430\u0447\u043d\u043e\u0435 \u043e\u043f\u0440\u0435\u0434\u0435\u043b\u0435\u043d\u0438\u0435 \u0434\u0435\u0439\u0441\u0442\u0432\u0438\u044f \u043f\u0430\u0440\u0441\u0435\u0440\u0430 (\u043d\u0430\u0448\u0435\u043b \u043d\u0435\u0441\u043a\u043e\u043b\u044c\u043a\u043e \u0432\u0430\u0440\u0438\u0430\u043d\u0442\u043e\u0432); ","created_by":1,"updated_by":1,"created_at":1512737543,"updated_at":1513330467,"actions":[{"id":89,"parser_id":52,"seq":0,"name":"ParsList","status":0,"selector":".hunting-place-list","example_url":"http:\/\/hunting4all.ru\/","code":null,"description":null},{"id":90,"parser_id":52,"seq":1,"name":"ParsItem","status":0,"selector":".firm-popup.vip.mfp-hide","example_url":"http:\/\/hunting4all.ru\/#petrikovsky","code":null,"description":null}]},{"id":5,"alias":"5a2a8b074add7","type_id":1,"name":"akvita.ru","loader_type":0,"reg_exp":"(^http[s]?:\/\/.*akvita.ru\/catalog\/.*$)","example_url":"http:\/\/www.akvita.ru\/catalog\/dushevye_kabiny\/?id=7413","status":0,"description":null,"err_description":"\u0412\u0441\u0435 \u0432 \u043f\u0440\u043e\u044f\u0434\u043a\u0435","created_by":1,"updated_by":1,"created_at":1512737543,"updated_at":1513262083,"actions":[{"id":35,"parser_id":5,"seq":0,"name":"ParsList","status":0,"selector":"a.pag","example_url":"http:\/\/www.akvita.ru\/catalog\/dushevye_kabiny\/","code":null,"description":null},{"id":36,"parser_id":5,"seq":1,"name":"ParsItem","status":0,"selector":"#dost","example_url":"http:\/\/www.akvita.ru\/catalog\/dushevye_kabiny\/huber_hx514_80x80\/","code":null,"description":null}]},{"id":35,"alias":"5a2a8b0776c8b","type_id":1,"name":"dushevoi.ru","loader_type":0,"reg_exp":"(^https?:\/\/.*dushevoi.ru\/products\/)","example_url":"https:\/\/www.dushevoi.ru\/products\/dushevye-kabiny\/","status":0,"description":null,"err_description":"\u0412\u0441\u0435 \u0432 \u043f\u0440\u043e\u044f\u0434\u043a\u0435","created_by":1,"updated_by":1,"created_at":1512737543,"updated_at":1513261874,"actions":[{"id":57,"parser_id":35,"seq":0,"name":"ParsList","status":0,"selector":"#all","example_url":"https:\/\/mytishi.dushevoi.ru\/products\/dushevye-kabiny\/","code":null,"description":null},{"id":58,"parser_id":35,"seq":1,"name":"ParsItem","status":0,"selector":"#item-price-wrap","example_url":"https:\/\/mytishi.dushevoi.ru\/products\/dushevaya-kabina-niagara-ng-2508-bk-110703-ware\/","code":null,"description":null}]},{"id":50,"alias":"5a2a8b078c76f","type_id":1,"name":"bathsale.ru","loader_type":0,"reg_exp":"(^http[s]?:\/\/.*bathsale.ru\/katalog-produkczii\/.*$)","example_url":"https:\/\/bathsale.ru\/katalog-produkczii\/dushevyie-kabinyi\/slivnyie-trapyi\/dushevoj-boks-frank-f555-140\/85-sm.html","status":0,"description":null,"err_description":"\u0412\u0441\u0435 \u0432 \u043f\u0440\u043e\u044f\u0434\u043a\u0435","created_by":1,"updated_by":1,"created_at":1512737543,"updated_at":1513266841,"actions":[{"id":67,"parser_id":50,"seq":0,"name":"ParsList","status":0,"selector":".products_wrap","example_url":"https:\/\/bathsale.ru\/katalog-produkczii\/dushevyie-kabinyi\/slivnyie-trapyi\/","code":null,"description":null},{"id":68,"parser_id":50,"seq":1,"name":"ParsItem","status":0,"selector":"#product","example_url":"https:\/\/bathsale.ru\/katalog-produkczii\/dushevyie-kabinyi\/slivnyie-trapyi\/dushevoj-boks-frank-f555-140\/85-sm.html","code":null,"description":null}]},{"id":45,"alias":"5a2a8b0784adc","type_id":1,"name":"axor.su","loader_type":0,"reg_exp":"(^http[s]?:\/\/.*axor.su.*$)","example_url":"https:\/\/axor.su\/item\/dushevaya_kabina_luxus_895\/","status":2,"description":null,"err_description":"\u041e\u0431\u043d\u0430\u0440\u0443\u0436\u0435\u043d\u044b \u043e\u0448\u0438\u0431\u043a\u0438 \u0432 \u0440\u0430\u0431\u043e\u0442\u0435: ParsList - \u041d\u0435 \u0437\u0430\u0434\u0430\u043d URL; : ParsItem - \u041d\u0435 \u0437\u0430\u0434\u0430\u043d URL; ","created_by":1,"updated_by":1,"created_at":1512737543,"updated_at":1513282263,"actions":[{"id":65,"parser_id":45,"seq":0,"name":"ParsList","status":0,"selector":".catalog-items-block","example_url":"https:\/\/axor.su\/dushevye_kabiny\/","code":null,"description":null},{"id":66,"parser_id":45,"seq":1,"name":"ParsItem","status":0,"selector":".card-block","example_url":"https:\/\/axor.su\/item\/dushevaya_kabina_luxus_895\/","code":null,"description":null}]},{"id":58,"alias":"5a2a8b72cad8e","type_id":1,"name":"profigym.ru","loader_type":0,"reg_exp":"(^http[s]?:\/\/.*profigym.ru\/catalog.php.*$)","example_url":"http:\/\/www.profigym.ru\/catalog.php?group_id=1","status":0,"description":"","err_description":"\u0412\u0441\u0435 \u0432 \u043f\u0440\u043e\u044f\u0434\u043a\u0435","created_by":1,"updated_by":1,"created_at":1512737650,"updated_at":1513349967,"actions":[{"id":105,"parser_id":58,"seq":0,"name":"ParsList","status":0,"selector":".tov_container","example_url":"http:\/\/www.profigym.ru\/catalog.php?group_id=1","code":null,"description":null},{"id":106,"parser_id":58,"seq":1,"name":"ParsItem","status":0,"selector":".item","example_url":"http:\/\/www.profigym.ru\/info.php?good_id=18","code":null,"description":null}]},{"id":8,"alias":"5a2a8b074e359","type_id":1,"name":"aquavil.ru","loader_type":0,"reg_exp":"(^http[s]?:\/\/.*aquavil.ru\/catalog\/.*$)","example_url":"https:\/\/aquavil.ru\/catalog\/baths\/square\/vanna_relisan_marina_170h75\/","status":0,"description":null,"err_description":"\u0412\u0441\u0435 \u0432 \u043f\u0440\u043e\u044f\u0434\u043a\u0435","created_by":1,"updated_by":1,"created_at":1512737543,"updated_at":1513611588,"actions":[{"id":63,"parser_id":8,"seq":0,"name":"ParsList","status":0,"selector":"#pagination","example_url":"https:\/\/aquavil.ru\/catalog\/baths\/square\/vanna_relisan_marina_170h75\/","code":null,"description":null},{"id":64,"parser_id":8,"seq":1,"name":"ParsItem","status":0,"selector":".good_card","example_url":"https:\/\/aquavil.ru\/catalog\/baths\/square\/vanna_relisan_marina_170h75\/","code":null,"description":null}]},{"id":63,"alias":"5a338b2b1a0d2","type_id":1,"name":"aqualetto-markon.ru","loader_type":0,"reg_exp":"(^http[s]?:\/\/.*aqualetto-markon.ru.*$)","example_url":"http:\/\/www.aqualetto-markon.ru\/index.php?id_kat=24","status":2,"description":null,"err_description":"\u041e\u0431\u043d\u0430\u0440\u0443\u0436\u0435\u043d\u044b \u043e\u0448\u0438\u0431\u043a\u0438 \u0432 \u0440\u0430\u0431\u043e\u0442\u0435: name - \u041d\u0435\u043e\u0431\u0445\u043e\u0434\u0438\u043c\u043e \u0437\u0430\u043f\u043e\u043b\u043d\u0438\u0442\u044c \u00abName\u00bb.; : price - \u0417\u043d\u0430\u0447\u0435\u043d\u0438\u0435 \u00abPrice\u00bb \u0434\u043e\u043b\u0436\u043d\u043e \u0431\u044b\u0442\u044c \u043d\u0435 \u043c\u0435\u043d\u044c\u0448\u0435 0.01.; : actionParsItem - \u041e\u0448\u0438\u0431\u043a\u0430 \u043f\u0430\u0440\u0441\u0438\u043d\u0433\u0430; ","created_by":1,"updated_by":1,"created_at":1513327403,"updated_at":1513328242,"actions":[{"id":85,"parser_id":63,"seq":0,"name":"ParsList","status":0,"selector":"#page","example_url":"http:\/\/www.aqualetto-markon.ru\/index.php?id_kat=24","code":null,"description":null},{"id":86,"parser_id":63,"seq":1,"name":"ParsItem","status":0,"selector":".b24 table:eq(0) table:eq(0) tr:eq(1)","example_url":"http:\/\/www.aqualetto-markon.ru\/index.php?id_kat=24&id_tov=206","code":null,"description":null}]},{"id":16,"alias":"5a2a8b0759ebe","type_id":1,"name":"vanna-doma.ru","loader_type":0,"reg_exp":"(^http[s]?:\/\/.*vanna-doma.ru\/shop\/.*$)","example_url":"https:\/\/www.vanna-doma.ru\/shop\/Smesiteli\/s_gigienicheskim_dushem\/Cezares_GARDA-ID-01_gigienicheskiy_dush-9809.html","status":0,"description":null,"err_description":"\u0412\u0441\u0435 \u0432 \u043f\u0440\u043e\u044f\u0434\u043a\u0435","created_by":1,"updated_by":1,"created_at":1512737543,"updated_at":1513606499,"actions":[{"id":155,"parser_id":16,"seq":0,"name":"ParsList","status":0,"selector":".itemsList","example_url":"https:\/\/www.vanna-doma.ru\/shop\/Smesiteli\/s_gigienicheskim_dushem\/","code":null,"description":null},{"id":156,"parser_id":16,"seq":1,"name":"ParsItem","status":0,"selector":"#orderItem","example_url":"https:\/\/www.vanna-doma.ru\/shop\/Smesiteli\/s_gigienicheskim_dushem\/Cezares_GARDA-ID-01_gigienicheskiy_dush-9809.html","code":null,"description":null}]},{"id":34,"alias":"5a2a8b0775ae7","type_id":1,"name":"santeh-import.ru","loader_type":0,"reg_exp":"(^http[s]?:\/\/.*santeh-import.ru.*html$)","example_url":"https:\/\/www.santeh-import.ru\/Vanny-Vanny-pryamougolnye%2C-kvadratnye-kupit-category_438-b0.html","status":0,"description":null,"err_description":"\u0412\u0441\u0435 \u0432 \u043f\u0440\u043e\u044f\u0434\u043a\u0435","created_by":1,"updated_by":1,"created_at":1512737543,"updated_at":1513360269,"actions":[{"id":125,"parser_id":34,"seq":0,"name":"ParsList","status":0,"selector":"#goods-list","example_url":"https:\/\/www.santeh-import.ru\/vanny-vanny-pryamougolnye%2c-kvadratnye-kupit-category_438-b0.html","code":null,"description":null},{"id":126,"parser_id":34,"seq":1,"name":"ParsItem","status":0,"selector":"#detail-goods","example_url":"https:\/\/www.santeh-import.ru\/vanna-chugunnaya-roca-continental-17070-sm-21290100r-21291100r-kupit-goods_136918.html","code":null,"description":null}]},{"id":9,"alias":"5a2a8b074f3f2","type_id":1,"name":"santeh-diler.ru","loader_type":0,"reg_exp":"(^http[s]?:\/\/.*santeh-diler.ru\/product\/.*$)|(^http[s]?:\/\/.*santeh-diler.ru\/category\/.*$)","example_url":"http:\/\/santeh-diler.ru\/product\/dushevaya-kabina-niagara-ng-510","status":0,"description":null,"err_description":"\u0412\u0441\u0435 \u0432 \u043f\u0440\u043e\u044f\u0434\u043a\u0435","created_by":1,"updated_by":1,"created_at":1512737543,"updated_at":1513356711,"actions":[{"id":119,"parser_id":9,"seq":0,"name":"ParsList","status":0,"selector":".main-catalog .catalog-list","example_url":"http:\/\/santeh-diler.ru\/category\/dushevye-kabiny","code":null,"description":null},{"id":120,"parser_id":9,"seq":1,"name":"ParsItem","status":0,"selector":".single-content","example_url":"http:\/\/santeh-diler.ru\/product\/dushevaya-kabina-niagara-ng-510","code":null,"description":null}]},{"id":25,"alias":"5a2a8b0767ace","type_id":1,"name":"perfekto.ru","loader_type":0,"reg_exp":"(^https?:\/\/.*perfekto.ru\/catalog)","example_url":"https:\/\/www.perfekto.ru\/catalog\/unitazy\/unitaz_artic_4310_gb114310301737_gb114310301231\/","status":0,"description":null,"err_description":"\u0412\u0441\u0435 \u0432 \u043f\u0440\u043e\u044f\u0434\u043a\u0435","created_by":1,"updated_by":1,"created_at":1512737543,"updated_at":1513339119,"actions":[{"id":99,"parser_id":25,"seq":0,"name":"ParsList","status":0,"selector":".wrapper-pagination","example_url":"https:\/\/www.perfekto.ru\/catalog\/unitazy\/","code":null,"description":null},{"id":100,"parser_id":25,"seq":1,"name":"ParsItem","status":0,"selector":".product.col-md-12","example_url":"https:\/\/www.perfekto.ru\/catalog\/unitazy\/unitaz_artic_4310_gb114310301737_gb114310301231\/","code":null,"description":null}]},{"id":19,"alias":"5a2a8b075e69b","type_id":1,"name":"djakudza.ru","loader_type":0,"reg_exp":"(^https?:\/\/.*djakudza.ru\/category\/)","example_url":"http:\/\/www.djakudza.ru\/category\/dushevye-kabiny\/","status":0,"description":null,"err_description":"\u0412\u0441\u0435 \u0432 \u043f\u0440\u043e\u044f\u0434\u043a\u0435","created_by":1,"updated_by":1,"created_at":1512737543,"updated_at":1513283497,"actions":[{"id":77,"parser_id":19,"seq":0,"name":"ParsList","status":0,"selector":".catalog-container","example_url":"http:\/\/www.djakudza.ru\/category\/dushevye-kabiny\/","code":null,"description":null},{"id":78,"parser_id":19,"seq":1,"name":"ParsItem","status":0,"selector":"div[itemtype=\"http:\/\/schema.org\/Product\"]","example_url":"http:\/\/www.djakudza.ru\/product\/poddon-bas-apollo-80h80\/","code":null,"description":null}]},{"id":26,"alias":"5a2a8b07694f1","type_id":1,"name":"sanone.ru","loader_type":0,"reg_exp":"(^https?:\/\/.*sanone.ru\/.*$)","example_url":"http:\/\/sanone.ru\/mebel_dlya_vannoy\/alta-marea-atollo-komplekt-mebeli.html","status":0,"description":null,"err_description":"\u0412\u0441\u0435 \u0432 \u043f\u0440\u043e\u044f\u0434\u043a\u0435","created_by":1,"updated_by":1,"created_at":1512737543,"updated_at":1513355400,"actions":[{"id":115,"parser_id":26,"seq":0,"name":"ParsList","status":0,"selector":"#items","example_url":"http:\/\/sanone.ru\/dushevye_kabiny\/dushevye_ugolki\/","code":null,"description":null},{"id":116,"parser_id":26,"seq":1,"name":"ParsItem","status":0,"selector":"#product","example_url":"http:\/\/sanone.ru\/mebel_dlya_vannoy\/alta-marea-atollo-komplekt-mebeli.html","code":null,"description":null}]},{"id":29,"alias":"5a2a8b076e147","type_id":1,"name":"sanberry.ru","loader_type":0,"reg_exp":"(^http[s]?:\/\/[\\w.]*sanberry.ru\/)","example_url":"http:\/\/sanberry.ru\/catalog\/sanfayans\/unitazy\/","status":0,"description":null,"err_description":"\u0412\u0441\u0435 \u0432 \u043f\u0440\u043e\u044f\u0434\u043a\u0435","created_by":1,"updated_by":1,"created_at":1512737543,"updated_at":1513352539,"actions":[{"id":109,"parser_id":29,"seq":0,"name":"ParsList","status":0,"selector":"#catalog","example_url":"http:\/\/sanberry.ru\/catalog\/sanfayans\/unitazy\/","code":null,"description":null},{"id":110,"parser_id":29,"seq":1,"name":"ParsItem","status":0,"selector":".catalog-detail-element","example_url":"http:\/\/sanberry.ru\/catalog\/sanfayans\/unitazy\/kompakt_della_boston_oak_024\/","code":null,"description":null}]},{"id":22,"alias":"5a2a8b0762e2e","type_id":1,"name":"santehgorod.ru","loader_type":0,"reg_exp":"(^https?:\/\/[\\w.]*santehgorod.ru\/catalog\/)","example_url":"https:\/\/www.santehgorod.ru\/catalog\/kabiny\/","status":0,"description":null,"err_description":"\u0412\u0441\u0435 \u0432 \u043f\u0440\u043e\u044f\u0434\u043a\u0435","created_by":1,"updated_by":1,"created_at":1512737543,"updated_at":1513357916,"actions":[{"id":123,"parser_id":22,"seq":0,"name":"ParsList","status":0,"selector":".tovslist","example_url":"https:\/\/www.santehgorod.ru\/catalog\/kabiny\/","code":null,"description":null},{"id":124,"parser_id":22,"seq":1,"name":"ParsItem","status":0,"selector":".tov","example_url":"https:\/\/www.santehgorod.ru\/catalog\/kabiny\/arcus_as-100.html","code":null,"description":null}]},{"id":32,"alias":"5a2a8b0772d15","type_id":1,"name":"santehnica.ru","loader_type":0,"reg_exp":"(^http[s]?:\/\/[\\w.]*santehnica.ru\/)","example_url":"http:\/\/www.santehnica.ru\/catalog\/dushevie-kabini\/niagara\/","status":2,"description":null,"err_description":"\u041e\u0431\u043d\u0430\u0440\u0443\u0436\u0435\u043d\u044b \u043e\u0448\u0438\u0431\u043a\u0438 \u0432 \u0440\u0430\u0431\u043e\u0442\u0435: name - \u041d\u0435\u043e\u0431\u0445\u043e\u0434\u0438\u043c\u043e \u0437\u0430\u043f\u043e\u043b\u043d\u0438\u0442\u044c \u00abName\u00bb.; : actionParsItem - \u041e\u0448\u0438\u0431\u043a\u0430 \u043f\u0430\u0440\u0441\u0438\u043d\u0433\u0430; ","created_by":1,"updated_by":1,"created_at":1512737543,"updated_at":1513364455,"actions":[{"id":129,"parser_id":32,"seq":0,"name":"ParsList","status":0,"selector":".products-update-block","example_url":"http:\/\/www.santehnica.ru\/catalog\/dushevie-kabini\/niagara\/","code":null,"description":null},{"id":130,"parser_id":32,"seq":1,"name":"ParsItem","status":0,"selector":"div[itemtype=\"http:\/\/schema.org\/Product\"]","example_url":"http:\/\/www.santehnica.ru\/product\/50836.html","code":null,"description":null}]},{"id":2,"alias":"5a2a8b0746a6c","type_id":1,"name":"suntechnica.ru","loader_type":0,"reg_exp":"(^http[s]?:\/\/.*suntechnica.*$)","example_url":"http:\/\/www.suntechnica.ru\/dushevaya-kabina-niagara-ng-1310-rl\/","status":2,"description":null,"err_description":"\u041e\u0431\u043d\u0430\u0440\u0443\u0436\u0435\u043d\u044b \u043e\u0448\u0438\u0431\u043a\u0438 \u0432 \u0440\u0430\u0431\u043e\u0442\u0435: actionParsList - \u041e\u0448\u0438\u0431\u043a\u0430 \u043f\u0430\u0440\u0441\u0438\u043d\u0433\u0430; : name - \u041d\u0435\u043e\u0431\u0445\u043e\u0434\u0438\u043c\u043e \u0437\u0430\u043f\u043e\u043b\u043d\u0438\u0442\u044c \u00abName\u00bb.; ","created_by":1,"updated_by":1,"created_at":1512737543,"updated_at":1513605610,"actions":[{"id":151,"parser_id":2,"seq":0,"name":"ParsList","status":0,"selector":"#product-list ul.product-list","example_url":"http:\/\/www.suntechnica.ru\/category\/dushevye-kabiny\/","code":null,"description":null},{"id":152,"parser_id":2,"seq":1,"name":"ParsItem","status":0,"selector":"form#cart-form","example_url":"http:\/\/www.suntechnica.ru\/dushevaya-kabina-niagara-ng-1310-rl\/","code":null,"description":null}]},{"id":39,"alias":"5a2a8b077c66d","type_id":1,"name":"vannamoskva.ru","loader_type":0,"reg_exp":"(^http[s]?:\/\/.*vannamoskva.ru\/.*$)","example_url":"https:\/\/vannamoskva.ru\/catalog\/hansgrohe","status":0,"description":null,"err_description":"\u0412\u0441\u0435 \u0432 \u043f\u0440\u043e\u044f\u0434\u043a\u0435","created_by":1,"updated_by":1,"created_at":1512737543,"updated_at":1513607601,"actions":[{"id":157,"parser_id":39,"seq":0,"name":"ParsList","status":0,"selector":".tiny_products","example_url":"https:\/\/vannamoskva.ru\/catalog\/hansgrohe","code":null,"description":null},{"id":158,"parser_id":39,"seq":1,"name":"ParsItem","status":0,"selector":".product.page .product_info","example_url":"https:\/\/vannamoskva.ru\/products\/termostat-dlya-vanny-s-dushem-jacob-delafon-stance-e9103-cp-","code":null,"description":null}]}]