[{"id":62,"alias":"5a7dff66f2da5","type_id":1,"name":"djakudza.ru","loader_type":0,"reg_exp":"(^https?:\/\/.*djakudza.ru\/category\/)","status":0,"description":null,"err_description":null,"created_by":1,"updated_by":1,"created_at":1518206822,"updated_at":1518206822,"request_id":null,"actions":[{"id":74,"parser_id":62,"seq":0,"name":"ParsList","status":0,"selector":".catalog-container","example_url":"http:\/\/www.djakudza.ru\/category\/dushevye-kabiny\/","code":null,"description":null},{"id":75,"parser_id":62,"seq":0,"name":"ParsItem","status":0,"selector":"div[itemtype=\"http:\/\/schema.org\/Product\"]","example_url":"http:\/\/www.djakudza.ru\/product\/poddon-bas-apollo-80h80\/","code":null,"description":null}]},{"id":63,"alias":"5a7dff6705650","type_id":1,"name":"aquatika.ru","loader_type":0,"reg_exp":"(^https?:\/\/.*aquatika.ru\/prods_.*html$)","status":0,"description":null,"err_description":null,"created_by":1,"updated_by":1,"created_at":1518206823,"updated_at":1518206823,"request_id":null,"actions":[{"id":76,"parser_id":63,"seq":0,"name":"ParsList","status":0,"selector":"#prod-table","example_url":"http:\/\/www.aquatika.ru\/prods_rectangular.html","code":null,"description":null},{"id":77,"parser_id":63,"seq":0,"name":"ParsItem","status":0,"selector":"#prod-name","example_url":"http:\/\/www.aquatika.ru\/item_unior.html","code":null,"description":null}]},{"id":64,"alias":"5a7dff670961d","type_id":1,"name":"santehgorod.ru","loader_type":0,"reg_exp":"(^https?:\/\/[\\w.]*santehgorod.ru\/catalog\/)","status":0,"description":null,"err_description":null,"created_by":1,"updated_by":1,"created_at":1518206823,"updated_at":1518206823,"request_id":null,"actions":[{"id":78,"parser_id":64,"seq":0,"name":"ParsList","status":0,"selector":".tovslist","example_url":"https:\/\/www.santehgorod.ru\/catalog\/kabiny\/","code":null,"description":null},{"id":79,"parser_id":64,"seq":0,"name":"ParsItem","status":0,"selector":".tov","example_url":"https:\/\/www.santehgorod.ru\/catalog\/kabiny\/arcus_as-100.html","code":null,"description":null}]},{"id":65,"alias":"5a7dff670f085","type_id":1,"name":"aquadom.ru","loader_type":0,"reg_exp":"(^https?:\/\/.*aquadom.ru)","status":0,"description":null,"err_description":null,"created_by":1,"updated_by":1,"created_at":1518206823,"updated_at":1518206823,"request_id":null,"actions":[{"id":80,"parser_id":65,"seq":0,"name":"ParsList","status":0,"selector":".product-list","example_url":"http:\/\/www.aquadom.ru\/rakovini\/","code":null,"description":null},{"id":81,"parser_id":65,"seq":0,"name":"ParsItem","status":0,"selector":".product-info2","example_url":"http:\/\/www.aquadom.ru\/vstraivaemie_rakovini\/rakovina_hatria_marine_art_y75101\/","code":null,"description":null}]},{"id":66,"alias":"5a7dff671476d","type_id":1,"name":"dlyavann.ru","loader_type":0,"reg_exp":"(^http[s]?:\/\/[\\w.]*dlyavann.ru\/.*html$)","status":0,"description":null,"err_description":null,"created_by":1,"updated_by":1,"created_at":1518206823,"updated_at":1518206823,"request_id":null,"actions":[{"id":82,"parser_id":66,"seq":0,"name":"ParsList","status":0,"selector":"#catlist","example_url":"http:\/\/www.dlyavann.ru\/category\/unitazy.html","code":null,"description":null},{"id":83,"parser_id":66,"seq":0,"name":"ParsItem","status":0,"selector":"div[itemtype=\"http:\/\/schema.org\/Product\"]","example_url":"http:\/\/www.dlyavann.ru\/item\/unitaz-napolnyy-roca-victoria-342399000.html","code":null,"description":null}]},{"id":67,"alias":"5a7dff67198ca","type_id":1,"name":"perfekto.ru","loader_type":0,"reg_exp":"(^https?:\/\/.*perfekto.ru\/catalog)","status":0,"description":null,"err_description":null,"created_by":1,"updated_by":1,"created_at":1518206823,"updated_at":1518206823,"request_id":null,"actions":[{"id":84,"parser_id":67,"seq":0,"name":"ParsList","status":0,"selector":".wrapper-pagination","example_url":"https:\/\/www.perfekto.ru\/catalog\/unitazy\/","code":null,"description":null},{"id":85,"parser_id":67,"seq":0,"name":"ParsItem","status":0,"selector":".product.col-md-12","example_url":"https:\/\/www.perfekto.ru\/catalog\/unitazy\/unitaz_artic_4310_gb114310301737_gb114310301231\/","code":null,"description":null}]},{"id":68,"alias":"5a7dff671f312","type_id":1,"name":"sanone.ru","loader_type":0,"reg_exp":"(^https?:\/\/.*sanone.ru\/.*$)","status":0,"description":null,"err_description":null,"created_by":1,"updated_by":1,"created_at":1518206823,"updated_at":1518206823,"request_id":null,"actions":[{"id":86,"parser_id":68,"seq":0,"name":"ParsList","status":0,"selector":"#items","example_url":"http:\/\/sanone.ru\/dushevye_kabiny\/dushevye_ugolki\/","code":null,"description":null},{"id":87,"parser_id":68,"seq":0,"name":"ParsItem","status":0,"selector":"#product","example_url":"http:\/\/sanone.ru\/mebel_dlya_vannoy\/alta-marea-atollo-komplekt-mebeli.html","code":null,"description":null}]},{"id":69,"alias":"5a7dff6723802","type_id":1,"name":"sanberry.ru","loader_type":0,"reg_exp":"(^http[s]?:\/\/[\\w.]*sanberry.ru\/)","status":0,"description":null,"err_description":null,"created_by":1,"updated_by":1,"created_at":1518206823,"updated_at":1518206823,"request_id":null,"actions":[{"id":88,"parser_id":69,"seq":0,"name":"ParsList","status":0,"selector":"#catalog","example_url":"http:\/\/sanberry.ru\/catalog\/sanfayans\/unitazy\/","code":null,"description":null},{"id":89,"parser_id":69,"seq":0,"name":"ParsItem","status":0,"selector":".catalog-detail-element","example_url":"http:\/\/sanberry.ru\/catalog\/sanfayans\/unitazy\/kompakt_della_boston_oak_024\/","code":null,"description":null}]},{"id":70,"alias":"5a7dff672962f","type_id":1,"name":"santeh-era.ru","loader_type":0,"reg_exp":"(^http[s]?:\/\/[\\w.]*santeh-era.ru\/)","status":0,"description":null,"err_description":null,"created_by":1,"updated_by":1,"created_at":1518206823,"updated_at":1518206823,"request_id":null,"actions":[{"id":90,"parser_id":70,"seq":0,"name":"ParsList","status":0,"selector":".catalog-box-inner","example_url":"http:\/\/santeh-era.ru\/catalog\/vanny_chugunnye\/","code":null,"description":null},{"id":91,"parser_id":70,"seq":0,"name":"ParsItem","status":0,"selector":"div[itemtype=\"http:\/\/schema.org\/Product\"]","example_url":"http:\/\/santeh-era.ru\/catalog\/vanny_chugunnye\/vanna_chugunnaya_170_kh_75_kirovskiy_zavod_triumf_silver_s_ruchkami\/","code":null,"description":null}]},{"id":71,"alias":"5a7dff672e9d5","type_id":1,"name":"wodolei.ru","loader_type":0,"reg_exp":"(^http[s]?:\/\/[\\w.]*wodolei.ru\/catalog\/)","status":0,"description":null,"err_description":null,"created_by":1,"updated_by":1,"created_at":1518206823,"updated_at":1518206823,"request_id":null,"actions":[{"id":92,"parser_id":71,"seq":0,"name":"ParsList","status":0,"selector":"#items-list","example_url":"https:\/\/wodolei.ru\/catalog\/dushevie_kabini\/Niagara\/","code":null,"description":null},{"id":93,"parser_id":71,"seq":0,"name":"ParsItem","status":0,"selector":".cart-price2.cart-price.price","example_url":"https:\/\/wodolei.ru\/catalog\/dushevie_kabini\/niagara-ng-703-134792-grp\/","code":null,"description":null}]},{"id":72,"alias":"5a7dff6733cb4","type_id":1,"name":"santeh-import.ru","loader_type":0,"reg_exp":"(^http[s]?:\/\/.*santeh-import.ru.*html$)","status":0,"description":null,"err_description":null,"created_by":1,"updated_by":1,"created_at":1518206823,"updated_at":1518206823,"request_id":null,"actions":[{"id":94,"parser_id":72,"seq":0,"name":"ParsList","status":0,"selector":"#goods-list","example_url":"https:\/\/www.santeh-import.ru\/vanny-vanny-pryamougolnye%2c-kvadratnye-kupit-category_438-b0.html","code":null,"description":null},{"id":95,"parser_id":72,"seq":0,"name":"ParsItem","status":0,"selector":"#detail-goods","example_url":"https:\/\/www.santeh-import.ru\/vanna-chugunnaya-roca-continental-17070-sm-21290100r-21291100r-kupit-goods_136918.html","code":null,"description":null}]},{"id":73,"alias":"5a7dff6738feb","type_id":1,"name":"techport.ru","loader_type":0,"reg_exp":"(^http[s]?:\/\/.*techport.ru\/katalog\/.*$)","status":0,"description":null,"err_description":null,"created_by":1,"updated_by":1,"created_at":1518206823,"updated_at":1518206823,"request_id":null,"actions":[{"id":96,"parser_id":73,"seq":0,"name":"ParsList","status":0,"selector":"#catalog_list","example_url":"http:\/\/www.techport.ru\/katalog\/products\/santehnika\/vanny","code":null,"description":null},{"id":97,"parser_id":73,"seq":0,"name":"ParsItem","status":0,"selector":".item_info","example_url":"http:\/\/www.techport.ru\/katalog\/products\/santehnika\/vanny\/akrilovye\/riho-miami-180x80x49-bb6400500000000","code":null,"description":null}]},{"id":74,"alias":"5a7dff673e00e","type_id":1,"name":"vannamoskva.ru","loader_type":0,"reg_exp":"(^http[s]?:\/\/.*vannamoskva.ru\/.*$)","status":0,"description":null,"err_description":null,"created_by":1,"updated_by":1,"created_at":1518206823,"updated_at":1518206823,"request_id":null,"actions":[{"id":98,"parser_id":74,"seq":0,"name":"ParsList","status":0,"selector":".tiny_products","example_url":"https:\/\/vannamoskva.ru\/catalog\/hansgrohe","code":null,"description":null},{"id":99,"parser_id":74,"seq":0,"name":"ParsItem","status":0,"selector":".product.page .product_info","example_url":"https:\/\/vannamoskva.ru\/products\/termostat-dlya-vanny-s-dushem-jacob-delafon-stance-e9103-cp-","code":null,"description":null}]},{"id":75,"alias":"5a7dff67433e5","type_id":1,"name":"deltasan.ru","loader_type":0,"reg_exp":"(^http[s]?:\/\/.*deltasan.ru\/catalog\/.*$)","status":0,"description":null,"err_description":null,"created_by":1,"updated_by":1,"created_at":1518206823,"updated_at":1518206823,"request_id":null,"actions":[{"id":100,"parser_id":75,"seq":0,"name":"ParsList","status":0,"selector":".b-pagination_block","example_url":"http:\/\/deltasan.ru\/catalog\/dushevye-poddony\/nizkiy-dushevoy-poddon\/","code":null,"description":null},{"id":101,"parser_id":75,"seq":0,"name":"ParsItem","status":0,"selector":".card-info_area","example_url":"http:\/\/deltasan.ru\/catalog\/dushevye-poddony\/nizkiy-dushevoy-poddon\/dushevoy-poddon-river-tana-kvadrat-80-80-15\/","code":null,"description":null}]},{"id":76,"alias":"5a7dff67487b9","type_id":1,"name":"m-vanna.ru","loader_type":0,"reg_exp":"(^http[s]?:\/\/.*m-vanna.ru\/catalog\/products\/.*$)","status":0,"description":null,"err_description":null,"created_by":1,"updated_by":1,"created_at":1518206823,"updated_at":1518206823,"request_id":null,"actions":[{"id":102,"parser_id":76,"seq":0,"name":"ParsList","status":0,"selector":".eshop-item-list.eshop-item-list_type_catalog","example_url":"https:\/\/www.m-vanna.ru\/catalog\/products\/gidromassazhnye-boksy","code":null,"description":null},{"id":103,"parser_id":76,"seq":0,"name":"ParsItem","status":0,"selector":".eshop-item-detailed","example_url":"https:\/\/www.m-vanna.ru\/catalog\/products\/gidromassazhnye-boksy\/dushevaja-kabina-niagara-ng-1509","code":null,"description":null}]},{"id":77,"alias":"5a7dff674df2a","type_id":1,"name":"ceramicplus.ru","loader_type":0,"reg_exp":"(^http[s]?:\/\/.*ceramicplus.ru\/catalog\/.*$)","status":0,"description":null,"err_description":null,"created_by":1,"updated_by":1,"created_at":1518206823,"updated_at":1518206823,"request_id":null,"actions":[{"id":104,"parser_id":77,"seq":0,"name":"ParsList","status":0,"selector":".pager","example_url":"https:\/\/www.ceramicplus.ru\/catalog\/dushi\/dushevyje_garnitury","code":null,"description":null},{"id":105,"parser_id":77,"seq":0,"name":"ParsItem","status":0,"selector":".product-info","example_url":"https:\/\/www.ceramicplus.ru\/catalog\/dushi\/dushevyje_garnitury\/dushevoy_garnitur_bennberg_h_10016.html","code":null,"description":null}]},{"id":78,"alias":"5a7dff6753741","type_id":1,"name":"premium-v.ru","loader_type":0,"reg_exp":"(^http[s]?:\/\/.*qq.ru\/product\/.*$)|(^http[s]?:\/\/.*qq.ru\/category\/.*$)","status":0,"description":null,"err_description":null,"created_by":1,"updated_by":1,"created_at":1518206823,"updated_at":1518206823,"request_id":null,"actions":[{"id":106,"parser_id":78,"seq":0,"name":"ParsList","status":0,"selector":"#ml_offset","example_url":"https:\/\/www.premium-v.ru\/products\/710\/recor\/","code":null,"description":null},{"id":107,"parser_id":78,"seq":0,"name":"ParsItem","status":0,"selector":"#product-detail","example_url":"https:\/\/www.premium-v.ru\/products\/recor_classic_170x75.html","code":null,"description":null}]},{"id":79,"alias":"5a7dff67575e2","type_id":1,"name":"gidro-top.ru","loader_type":0,"reg_exp":"(^http[s]?:\/\/.*gidro-top.ru\/product\/.*$)|(^http[s]?:\/\/.*gidro-top.ru\/category\/.*$)","status":0,"description":null,"err_description":null,"created_by":1,"updated_by":1,"created_at":1518206823,"updated_at":1518206823,"request_id":null,"actions":[{"id":108,"parser_id":79,"seq":0,"name":"ParsList","status":0,"selector":"ul.pagination","example_url":"http:\/\/gidro-top.ru\/category\/557\/","code":null,"description":null},{"id":109,"parser_id":79,"seq":0,"name":"ParsItem","status":0,"selector":"div[itemtype=\"http:\/\/schema.org\/Product\"]","example_url":"http:\/\/gidro-top.ru\/product\/triton-standart-120-akrilovaya-vanna-120x70\/","code":null,"description":null}]},{"id":80,"alias":"5a7dff675b17b","type_id":1,"name":"akvita.ru","loader_type":0,"reg_exp":"(^http[s]?:\/\/.*akvita.ru\/catalog\/.*$)","status":0,"description":null,"err_description":null,"created_by":1,"updated_by":1,"created_at":1518206823,"updated_at":1518206823,"request_id":null,"actions":[{"id":110,"parser_id":80,"seq":0,"name":"ParsList","status":0,"selector":"a.pag","example_url":"http:\/\/www.akvita.ru\/catalog\/dushevye_kabiny\/","code":null,"description":null},{"id":111,"parser_id":80,"seq":0,"name":"ParsItem","status":0,"selector":"#dost","example_url":"http:\/\/www.akvita.ru\/catalog\/dushevye_kabiny\/huber_hx514_80x80\/","code":null,"description":null}]},{"id":81,"alias":"5a7dff675f758","type_id":1,"name":"aquavil.ru","loader_type":0,"reg_exp":"(^http[s]?:\/\/.*aquavil.ru\/catalog\/.*$)","status":0,"description":null,"err_description":null,"created_by":1,"updated_by":1,"created_at":1518206823,"updated_at":1518206823,"request_id":null,"actions":[{"id":112,"parser_id":81,"seq":0,"name":"ParsList","status":0,"selector":"#pagination","example_url":"https:\/\/aquavil.ru\/catalog\/baths\/square\/vanna_relisan_marina_170h75\/","code":null,"description":null},{"id":113,"parser_id":81,"seq":0,"name":"ParsItem","status":0,"selector":".good_card","example_url":"https:\/\/aquavil.ru\/catalog\/baths\/square\/vanna_relisan_marina_170h75\/","code":null,"description":null}]},{"id":82,"alias":"5a7dff6763a06","type_id":1,"name":"santeh-diler.ru","loader_type":0,"reg_exp":"(^http[s]?:\/\/.*santeh-diler.ru\/product\/.*$)|(^http[s]?:\/\/.*santeh-diler.ru\/category\/.*$)","status":0,"description":null,"err_description":null,"created_by":1,"updated_by":1,"created_at":1518206823,"updated_at":1518206823,"request_id":null,"actions":[{"id":114,"parser_id":82,"seq":0,"name":"ParsList","status":0,"selector":".main-catalog .catalog-list","example_url":"http:\/\/santeh-diler.ru\/category\/dushevye-kabiny","code":null,"description":null},{"id":115,"parser_id":82,"seq":0,"name":"ParsItem","status":0,"selector":".single-content","example_url":"http:\/\/santeh-diler.ru\/product\/dushevaya-kabina-niagara-ng-510","code":null,"description":null}]},{"id":83,"alias":"5a7dff6768e91","type_id":1,"name":"grinc.ru","loader_type":0,"reg_exp":"(^http[s]?:\/\/.*grinc.ru\/.*$)","status":0,"description":null,"err_description":null,"created_by":1,"updated_by":1,"created_at":1518206823,"updated_at":1518206823,"request_id":null,"actions":[{"id":116,"parser_id":83,"seq":0,"name":"ParsList","status":0,"selector":"#product-list","example_url":"http:\/\/grinc.ru\/dushevye-kabiny\/s-gidromassazhem\/","code":null,"description":null},{"id":117,"parser_id":83,"seq":0,"name":"ParsItem","status":0,"selector":"article[itemtype=\"http:\/\/schema.org\/Product\"]","example_url":"http:\/\/grinc.ru\/dushevye-kabiny\/s-gidromassazhem\/niagara-ng-510\/","code":null,"description":null}]},{"id":84,"alias":"5a7dff676e80e","type_id":1,"name":"perl-santehnika.ru","loader_type":0,"reg_exp":"(^http[s]?:\/\/.*perl-santehnika.ru\/.*$)","status":0,"description":null,"err_description":null,"created_by":1,"updated_by":1,"created_at":1518206823,"updated_at":1518206823,"request_id":null,"actions":[{"id":118,"parser_id":84,"seq":0,"name":"ParsList","status":0,"selector":"ul.pagination","example_url":"http:\/\/perl-santehnika.ru\/dushevye-kabiny\/dushevye-kabiny-s-nizkim-poddonom-652\/","code":null,"description":null},{"id":119,"parser_id":84,"seq":0,"name":"ParsItem","status":0,"selector":".product-info","example_url":"http:\/\/perl-santehnika.ru\/dushevye-kabiny\/dushevye-kabiny-s-nizkim-poddonom-652\/dushevaya-kabina-river-rein-90-26-mt","code":null,"description":null}]},{"id":85,"alias":"5a7dff6772483","type_id":1,"name":"vanna-doma.ru","loader_type":0,"reg_exp":"(^http[s]?:\/\/.*vanna-doma.ru\/shop\/.*$)","status":0,"description":null,"err_description":null,"created_by":1,"updated_by":1,"created_at":1518206823,"updated_at":1518206823,"request_id":null,"actions":[{"id":120,"parser_id":85,"seq":0,"name":"ParsList","status":0,"selector":".itemsList","example_url":"https:\/\/www.vanna-doma.ru\/shop\/Smesiteli\/s_gigienicheskim_dushem\/","code":null,"description":null},{"id":121,"parser_id":85,"seq":0,"name":"ParsItem","status":0,"selector":"#orderItem","example_url":"https:\/\/www.vanna-doma.ru\/shop\/Smesiteli\/s_gigienicheskim_dushem\/Cezares_GARDA-ID-01_gigienicheskiy_dush-9809.html","code":null,"description":null}]},{"id":86,"alias":"5a7dff6778257","type_id":1,"name":"santeh-centr.ru","loader_type":0,"reg_exp":"(^http[s]?:\/\/.*santeh-centr.ru\/.*$)","status":0,"description":null,"err_description":null,"created_by":1,"updated_by":1,"created_at":1518206823,"updated_at":1518206823,"request_id":null,"actions":[{"id":122,"parser_id":86,"seq":0,"name":"ParsList","status":0,"selector":"ul.pagination","example_url":"https:\/\/santeh-centr.ru\/dushevye-kabiny-gidroboksy\/dushevye-kabiny","code":null,"description":null},{"id":123,"parser_id":86,"seq":0,"name":"ParsItem","status":0,"selector":".producttitle","example_url":"https:\/\/santeh-centr.ru\/dushevye-kabiny-gidroboksy\/dushevye-kabiny\/dushevaja-kabina-ammari-am-082-80-8080215-sm-bez-gidromassazha","code":null,"description":null}]},{"id":87,"alias":"5a7dff677c419","type_id":1,"name":"san-mag.ru","loader_type":0,"reg_exp":"(^http[s]?:\/\/.*san-mag.ru\/.*$)","status":0,"description":null,"err_description":null,"created_by":1,"updated_by":1,"created_at":1518206823,"updated_at":1518206823,"request_id":null,"actions":[{"id":124,"parser_id":87,"seq":0,"name":"ParsList","status":0,"selector":"ul.products_list","example_url":"http:\/\/san-mag.ru\/dushevye-kabiny\/","code":null,"description":null},{"id":125,"parser_id":87,"seq":0,"name":"ParsItem","status":0,"selector":"section.product","example_url":"http:\/\/san-mag.ru\/dushevaya-kabina-niagara-ng-2310-r\/","code":null,"description":null}]},{"id":88,"alias":"5a7dff67806ee","type_id":1,"name":"bathsale.ru","loader_type":0,"reg_exp":"(^http[s]?:\/\/.*bathsale.ru\/katalog-produkczii\/.*$)","status":0,"description":null,"err_description":null,"created_by":1,"updated_by":1,"created_at":1518206823,"updated_at":1518206823,"request_id":null,"actions":[{"id":126,"parser_id":88,"seq":0,"name":"ParsList","status":0,"selector":".products_wrap","example_url":"https:\/\/bathsale.ru\/katalog-produkczii\/dushevyie-kabinyi\/slivnyie-trapyi\/","code":null,"description":null},{"id":127,"parser_id":88,"seq":0,"name":"ParsItem","status":0,"selector":"#product","example_url":"https:\/\/bathsale.ru\/katalog-produkczii\/dushevyie-kabinyi\/slivnyie-trapyi\/dushevoj-boks-frank-f555-140\/85-sm.html","code":null,"description":null}]},{"id":89,"alias":"5a7dff678470f","type_id":1,"name":"merida.ru","loader_type":0,"reg_exp":"(^http[s]?:\/\/.*merida.ru\/tovar.*$)","status":0,"description":null,"err_description":null,"created_by":1,"updated_by":1,"created_at":1518206823,"updated_at":1518206823,"request_id":null,"actions":[{"id":128,"parser_id":89,"seq":0,"name":"ParsList","status":0,"selector":".pager","example_url":"http:\/\/merida.ru\/tovary","code":null,"description":null},{"id":129,"parser_id":89,"seq":0,"name":"ParsItem","status":0,"selector":"#price_box","example_url":"http:\/\/merida.ru\/tovar\/1534\/konnektor-dla-zaradnogo-ustrojstva-64602001rus","code":null,"description":null}]},{"id":90,"alias":"5a7dff67883ab","type_id":1,"name":"radimax.ru","loader_type":0,"reg_exp":"(^https?:\/\/.*radimax.ru\/)","status":0,"description":null,"err_description":null,"created_by":1,"updated_by":1,"created_at":1518206823,"updated_at":1518206823,"request_id":null,"actions":[{"id":130,"parser_id":90,"seq":0,"name":"ParsList","status":0,"selector":".products_list","example_url":"https:\/\/www.radimax.ru\/brands\/retrostyle\/","code":null,"description":null},{"id":131,"parser_id":90,"seq":0,"name":"ParsItem","status":0,"selector":"#owl-single-product","example_url":"https:\/\/www.radimax.ru\/chugunnie_radiatory\/retro_style_windsor\/350\/180.html","code":null,"description":null}]},{"id":91,"alias":"5a7dff678cb30","type_id":1,"name":"dushevoi.ru","loader_type":0,"reg_exp":"(^https?:\/\/.*dushevoi.ru\/products\/)","status":0,"description":null,"err_description":null,"created_by":1,"updated_by":1,"created_at":1518206823,"updated_at":1518206823,"request_id":null,"actions":[{"id":132,"parser_id":91,"seq":0,"name":"ParsList","status":0,"selector":"#all","example_url":"https:\/\/mytishi.dushevoi.ru\/products\/dushevye-kabiny\/","code":null,"description":null},{"id":133,"parser_id":91,"seq":0,"name":"ParsItem","status":0,"selector":"#item-price-wrap","example_url":"https:\/\/mytishi.dushevoi.ru\/products\/dushevaya-kabina-niagara-ng-2508-bk-110703-ware\/","code":null,"description":null}]},{"id":92,"alias":"5a7dff6791b27","type_id":1,"name":"1san.ru","loader_type":0,"reg_exp":"(^http[s]?:\/\/.*1san.ru\/.*html$)","status":0,"description":null,"err_description":null,"created_by":1,"updated_by":1,"created_at":1518206823,"updated_at":1518458063,"request_id":null,"actions":[{"id":134,"parser_id":92,"seq":0,"name":"ParsList","status":0,"selector":".template-product-list","example_url":"https:\/\/1san.ru\/dushevyekabiny.html","code":null,"description":null},{"id":135,"parser_id":92,"seq":0,"name":"ParsItem","status":0,"selector":"div[itemtype=\"http:\/\/schema.org\/Product\"]","example_url":"https:\/\/1san.ru\/id\/dushevaya-kabina-metakam-80h80-bez-poddona-vhod-s-ugla-16253.html","code":null,"description":null}]},{"id":93,"alias":"5a81d4cfdaa10","type_id":1,"name":"www.mediamarkt.ru","loader_type":0,"reg_exp":"(^http[s]?:\/\/.*mediamarkt.ru\/.*$)","status":3,"description":"\u041f\u0430\u0440\u0441\u0435\u0440 \u0441\u043e\u0437\u0434\u0430\u043d \u0430\u0432\u0442\u043e\u043c\u0430\u0442\u0438\u0447\u0435\u0441\u043a\u0438, \u0442\u0440\u0435\u0431\u0443\u0435\u0442\u0441\u044f \u043d\u0430\u0441\u0442\u0440\u043e\u0439\u043a\u0430","err_description":null,"created_by":1,"updated_by":1,"created_at":1518458063,"updated_at":1518458607,"request_id":null,"actions":[{"id":137,"parser_id":93,"seq":0,"name":"ParsList","status":2,"selector":"ul.ts-catalog-items","example_url":"https:\/\/www.mediamarkt.ru\/catalog\/kompyuternaya_tehnica","code":null,"description":null}]}]