[{"id":1,"alias":"5a2a8b073a127","type_id":1,"name":"ceramicplus.ru","loader_type":0,"reg_exp":"(^http[s]?:\/\/.*ceramicplus.ru\/catalog\/.*$)","example_url":"https:\/\/www.ceramicplus.ru\/catalog\/dushi\/dushevyje_garnitury","status":0,"description":null,"err_description":null,"created_by":1,"updated_by":1,"created_at":1512737543,"updated_at":1512737543,"actions":[{"seq":0,"parser_id":1,"name":"ParsList","status":0,"example_url":"111"},{"seq":1,"parser_id":1,"name":"ParsItem","status":0,"example_url":"222"}]},{"id":4,"alias":"5a2a8b0749c81","type_id":1,"name":"gidro-top.ru","loader_type":0,"reg_exp":"(^http[s]?:\/\/.*gidro-top.ru\/product\/.*$)|(^http[s]?:\/\/.*gidro-top.ru\/category\/.*$)","example_url":"http:\/\/gidro-top.ru\/product\/viega-704353-advantix-vario-set\/","status":0,"description":null,"err_description":null,"created_by":1,"updated_by":1,"created_at":1512737543,"updated_at":1512737543,"actions":[{"seq":0,"parser_id":4,"name":"ParsList","status":0,"example_url":"111"},{"seq":1,"parser_id":4,"name":"ParsItem","status":0,"example_url":"222"}]},{"id":8,"alias":"5a2a8b074e359","type_id":1,"name":"aquavil.ru","loader_type":0,"reg_exp":"(^http[s]?:\/\/.*aquavil.ru\/catalog\/.*$)","example_url":"https:\/\/aquavil.ru\/catalog\/baths\/square\/vanna_relisan_marina_170h75\/","status":0,"description":null,"err_description":null,"created_by":1,"updated_by":1,"created_at":1512737543,"updated_at":1512737543,"actions":[{"seq":0,"parser_id":8,"name":"ParsList","status":0,"example_url":"111"},{"seq":1,"parser_id":8,"name":"ParsItem","status":0,"example_url":"222"}]},{"id":9,"alias":"5a2a8b074f3f2","type_id":1,"name":"santeh-diler.ru","loader_type":0,"reg_exp":"(^http[s]?:\/\/.*santeh-diler.ru\/product\/.*$)|(^http[s]?:\/\/.*santeh-diler.ru\/category\/.*$)","example_url":"http:\/\/santeh-diler.ru\/product\/dushevaya-kabina-niagara-ng-510","status":0,"description":null,"err_description":null,"created_by":1,"updated_by":1,"created_at":1512737543,"updated_at":1512737543,"actions":[{"seq":0,"parser_id":9,"name":"ParsList","status":0,"example_url":"111"},{"seq":1,"parser_id":9,"name":"ParsItem","status":0,"example_url":"222"}]},{"id":10,"alias":"5a2a8b07506a5","type_id":1,"name":"grinc.ru","loader_type":0,"reg_exp":"(^http[s]?:\/\/.*grinc.ru\/.*$)","example_url":"http:\/\/grinc.ru\/dushevye-kabiny\/s-gidromassazhem\/niagara-ng-510\/","status":0,"description":null,"err_description":null,"created_by":1,"updated_by":1,"created_at":1512737543,"updated_at":1512737543,"actions":[{"seq":0,"parser_id":10,"name":"ParsList","status":0,"example_url":"111"},{"seq":1,"parser_id":10,"name":"ParsItem","status":0,"example_url":"222"}]},{"id":37,"alias":"5a2a8b0779b2a","type_id":1,"name":"1san.ru","loader_type":0,"reg_exp":"(^http[s]?:\/\/.*1san.ru\/.*html$)","example_url":"https:\/\/1san.ru\/dushevyekabiny.html","status":1,"description":null,"err_description":"\u041d\u0435 \u043d\u0430\u0439\u0434\u0435\u043d \u0441\u0435\u043b\u0435\u043a\u0442\u043e\u0440 'itemSelector' \u0434\u043b\u044f \u0434\u0435\u0439\u0441\u0442\u0432\u0438\u044f actionParsList; \u041d\u0435 \u043d\u0430\u0439\u0434\u0435\u043d \u0441\u0435\u043b\u0435\u043a\u0442\u043e\u0440 'itemSelector' \u0434\u043b\u044f \u0434\u0435\u0439\u0441\u0442\u0432\u0438\u044f actionParsItem; ","created_by":1,"updated_by":1,"created_at":1512737543,"updated_at":1512739273,"actions":[{"seq":0,"parser_id":37,"name":"ParsList","status":0,"example_url":"111"},{"seq":1,"parser_id":37,"name":"ParsItem","status":0,"example_url":"222"}]},{"id":12,"alias":"5a2a8b0753729","type_id":1,"name":"santeh-opt.ru","loader_type":0,"reg_exp":"(^http[s]?:\/\/.*santeh-opt.ru\/.*$)","example_url":"http:\/\/www.santeh-opt.ru\/tovar.php?nmb=21813","status":0,"description":null,"err_description":null,"created_by":1,"updated_by":1,"created_at":1512737543,"updated_at":1512737543,"actions":[{"seq":0,"parser_id":12,"name":"ParsList","status":0,"example_url":"111"},{"seq":1,"parser_id":12,"name":"ParsItem","status":0,"example_url":"222"}]},{"id":13,"alias":"5a2a8b07550d1","type_id":1,"name":"sangold.ru","loader_type":0,"reg_exp":"(^http[s]?:\/\/.*sangold.ru\/.*$)","example_url":"http:\/\/sangold.ru\/index.php?productID=9580","status":0,"description":null,"err_description":null,"created_by":1,"updated_by":1,"created_at":1512737543,"updated_at":1512737543,"actions":[{"seq":0,"parser_id":13,"name":"ParsList","status":0,"example_url":"111"},{"seq":1,"parser_id":13,"name":"ParsItem","status":0,"example_url":"222"}]},{"id":14,"alias":"5a2a8b0756a30","type_id":1,"name":"santehstok.ru","loader_type":0,"reg_exp":"(^http[s]?:\/\/.*santehstok.ru\/shop\/.*$)","example_url":"http:\/\/santehstok.ru\/shop\/7207\/desc\/dushevaja-kabina-niagara-niagara-ng-510","status":0,"description":null,"err_description":null,"created_by":1,"updated_by":1,"created_at":1512737543,"updated_at":1512737543,"actions":[{"seq":0,"parser_id":14,"name":"ParsList","status":0,"example_url":"111"},{"seq":1,"parser_id":14,"name":"ParsItem","status":0,"example_url":"222"}]},{"id":15,"alias":"5a2a8b07584f9","type_id":1,"name":"santehnika47.ru","loader_type":0,"reg_exp":"(^http[s]?:\/\/.*santehnika47.ru\/.*$)","example_url":"http:\/\/santehstok.ru\/shop\/7207\/desc\/dushevaja-kabina-niagara-niagara-ng-510","status":0,"description":null,"err_description":null,"created_by":1,"updated_by":1,"created_at":1512737543,"updated_at":1512737543,"actions":[{"seq":0,"parser_id":15,"name":"ParsList","status":0,"example_url":"111"},{"seq":1,"parser_id":15,"name":"ParsItem","status":0,"example_url":"222"}]},{"id":16,"alias":"5a2a8b0759ebe","type_id":1,"name":"vanna-doma.ru","loader_type":0,"reg_exp":"(^http[s]?:\/\/.*vanna-doma.ru\/shop\/.*$)","example_url":"https:\/\/www.vanna-doma.ru\/shop\/Smesiteli\/s_gigienicheskim_dushem\/Cezares_GARDA-ID-01_gigienicheskiy_dush-9809.html","status":0,"description":null,"err_description":null,"created_by":1,"updated_by":1,"created_at":1512737543,"updated_at":1512737543,"actions":[{"seq":0,"parser_id":16,"name":"ParsList","status":0,"example_url":"111"},{"seq":1,"parser_id":16,"name":"ParsItem","status":0,"example_url":"222"}]},{"id":17,"alias":"5a2a8b075b757","type_id":1,"name":"santehnika-online.ru","loader_type":0,"reg_exp":"(^https?:\/\/[\\w.]*santehnika-online.ru\/.*$)","example_url":"https:\/\/santehnika-online.ru\/vanny\/stalnye\/","status":0,"description":null,"err_description":null,"created_by":1,"updated_by":1,"created_at":1512737543,"updated_at":1512737543,"actions":[{"seq":0,"parser_id":17,"name":"ParsList","status":0,"example_url":"111"},{"seq":1,"parser_id":17,"name":"ParsItem","status":0,"example_url":"222"}]},{"id":18,"alias":"5a2a8b075cfd1","type_id":1,"name":"center-santehniki.ru","loader_type":0,"reg_exp":"(?!^.*html$)(^http[s]?:\/\/[\\w.]*center-santehniki.ru\/catalog\/)","example_url":"https:\/\/center-santehniki.ru\/catalog\/vanny\/akrilovye\/","status":0,"description":null,"err_description":null,"created_by":1,"updated_by":1,"created_at":1512737543,"updated_at":1512737543,"actions":[{"seq":0,"parser_id":18,"name":"ParsList","status":0,"example_url":"111"},{"seq":1,"parser_id":18,"name":"ParsItem","status":0,"example_url":"222"}]},{"id":19,"alias":"5a2a8b075e69b","type_id":1,"name":"djakudza.ru","loader_type":0,"reg_exp":"(^https?:\/\/.*djakudza.ru\/category\/)","example_url":"http:\/\/www.djakudza.ru\/category\/dushevye-kabiny\/","status":0,"description":null,"err_description":null,"created_by":1,"updated_by":1,"created_at":1512737543,"updated_at":1512737543,"actions":[{"seq":0,"parser_id":19,"name":"ParsList","status":0,"example_url":"111"},{"seq":1,"parser_id":19,"name":"ParsItem","status":0,"example_url":"222"}]},{"id":20,"alias":"5a2a8b075fc2c","type_id":1,"name":"aquatika.ru","loader_type":0,"reg_exp":"(^https?:\/\/.*aquatika.ru\/prods_.*html$)","example_url":"http:\/\/www.aquatika.ru\/prods_radius.html","status":0,"description":null,"err_description":null,"created_by":1,"updated_by":1,"created_at":1512737543,"updated_at":1512737543,"actions":[{"seq":0,"parser_id":20,"name":"ParsList","status":0,"example_url":"111"},{"seq":1,"parser_id":20,"name":"ParsItem","status":0,"example_url":"222"}]},{"id":21,"alias":"5a2a8b076128b","type_id":1,"name":"santehnika-tut.ru","loader_type":0,"reg_exp":"(^https?:\/\/[\\w.]*santehnika-tut.ru\/)","example_url":"http:\/\/santehnika-tut.ru\/dushevye-kabiny\/","status":0,"description":null,"err_description":null,"created_by":1,"updated_by":1,"created_at":1512737543,"updated_at":1512737543,"actions":[{"seq":0,"parser_id":21,"name":"ParsList","status":0,"example_url":"111"},{"seq":1,"parser_id":21,"name":"ParsItem","status":0,"example_url":"222"}]},{"id":22,"alias":"5a2a8b0762e2e","type_id":1,"name":"santehgorod.ru","loader_type":0,"reg_exp":"(^https?:\/\/[\\w.]*santehgorod.ru\/catalog\/)","example_url":"https:\/\/www.santehgorod.ru\/catalog\/kabiny\/","status":0,"description":null,"err_description":null,"created_by":1,"updated_by":1,"created_at":1512737543,"updated_at":1512737543,"actions":[{"seq":0,"parser_id":22,"name":"ParsList","status":0,"example_url":"111"},{"seq":1,"parser_id":22,"name":"ParsItem","status":0,"example_url":"222"}]},{"id":23,"alias":"5a2a8b076467c","type_id":1,"name":"aquadom.ru","loader_type":0,"reg_exp":"(^https?:\/\/.*aquadom.ru)","example_url":"http:\/\/www.aquadom.ru\/rakovini\/","status":0,"description":null,"err_description":null,"created_by":1,"updated_by":1,"created_at":1512737543,"updated_at":1512737543,"actions":[{"seq":0,"parser_id":23,"name":"ParsList","status":0,"example_url":"111"},{"seq":1,"parser_id":23,"name":"ParsItem","status":0,"example_url":"222"}]},{"id":24,"alias":"5a2a8b0766190","type_id":1,"name":"dlyavann.ru","loader_type":0,"reg_exp":"(^http[s]?:\/\/[\\w.]*dlyavann.ru\/.*html$)","example_url":"http:\/\/www.dlyavann.ru\/category\/unitazy.html","status":0,"description":null,"err_description":null,"created_by":1,"updated_by":1,"created_at":1512737543,"updated_at":1512737543,"actions":[{"seq":0,"parser_id":24,"name":"ParsList","status":0,"example_url":"111"},{"seq":1,"parser_id":24,"name":"ParsItem","status":0,"example_url":"222"}]},{"id":5,"alias":"5a2a8b074add7","type_id":1,"name":"akvita.ru","loader_type":0,"reg_exp":"(^http[s]?:\/\/.*akvita.ru\/catalog\/.*$)","example_url":"http:\/\/www.akvita.ru\/catalog\/dushevye_kabiny\/?id=7413","status":1,"description":null,"err_description":"\u041d\u0435 \u0437\u0430\u0434\u0430\u043d URL \u0434\u043b\u044f \u0434\u0435\u0439\u0441\u0442\u0432\u0438\u044f actionParsList; \u041d\u0435 \u0437\u0430\u0434\u0430\u043d URL \u0434\u043b\u044f \u0434\u0435\u0439\u0441\u0442\u0432\u0438\u044f actionParsItem; ","created_by":1,"updated_by":1,"created_at":1512737543,"updated_at":1512739276,"actions":[{"seq":0,"parser_id":5,"name":"ParsList","status":0,"example_url":"111"},{"seq":1,"parser_id":5,"name":"ParsItem","status":0,"example_url":"222"}]},{"id":26,"alias":"5a2a8b07694f1","type_id":1,"name":"sanone.ru","loader_type":0,"reg_exp":"(^https?:\/\/.*sanone.ru\/.*$)","example_url":"http:\/\/sanone.ru\/mebel_dlya_vannoy\/alta-marea-atollo-komplekt-mebeli.html","status":0,"description":null,"err_description":null,"created_by":1,"updated_by":1,"created_at":1512737543,"updated_at":1512737543,"actions":[{"seq":0,"parser_id":26,"name":"ParsList","status":0,"example_url":"111"},{"seq":1,"parser_id":26,"name":"ParsItem","status":0,"example_url":"222"}]},{"id":27,"alias":"5a2a8b076ae52","type_id":1,"name":"santehnika-room","loader_type":0,"reg_exp":"(^http[s]?:\/\/[\\w.]*santehnika-room.ru\/)","example_url":"https:\/\/www.santehnika-room.ru\/unitazy\/napolnye","status":0,"description":null,"err_description":null,"created_by":1,"updated_by":1,"created_at":1512737543,"updated_at":1512737543,"actions":[{"seq":0,"parser_id":27,"name":"ParsList","status":0,"example_url":"111"},{"seq":1,"parser_id":27,"name":"ParsItem","status":0,"example_url":"222"}]},{"id":28,"alias":"5a2a8b076c779","type_id":1,"name":"santehtop.ru","loader_type":0,"reg_exp":"(^http[s]?:\/\/[\\w.]*santehtop.ru\/)","example_url":"http:\/\/www.santehtop.ru\/vanny\/akrilovie\/aquatika\/","status":0,"description":null,"err_description":null,"created_by":1,"updated_by":1,"created_at":1512737543,"updated_at":1512737543,"actions":[{"seq":0,"parser_id":28,"name":"ParsList","status":0,"example_url":"111"},{"seq":1,"parser_id":28,"name":"ParsItem","status":0,"example_url":"222"}]},{"id":29,"alias":"5a2a8b076e147","type_id":1,"name":"sanberry.ru","loader_type":0,"reg_exp":"(^http[s]?:\/\/[\\w.]*sanberry.ru\/)","example_url":"http:\/\/sanberry.ru\/catalog\/sanfayans\/unitazy\/","status":0,"description":null,"err_description":null,"created_by":1,"updated_by":1,"created_at":1512737543,"updated_at":1512737543,"actions":[{"seq":0,"parser_id":29,"name":"ParsList","status":0,"example_url":"111"},{"seq":1,"parser_id":29,"name":"ParsItem","status":0,"example_url":"222"}]},{"id":30,"alias":"5a2a8b076f9f9","type_id":1,"name":"santeh-era.ru","loader_type":0,"reg_exp":"(^http[s]?:\/\/[\\w.]*santeh-era.ru\/)","example_url":"http:\/\/santeh-era.ru\/catalog\/vanny_chugunnye\/","status":0,"description":null,"err_description":null,"created_by":1,"updated_by":1,"created_at":1512737543,"updated_at":1512737543,"actions":[{"seq":0,"parser_id":30,"name":"ParsList","status":0,"example_url":"111"},{"seq":1,"parser_id":30,"name":"ParsItem","status":0,"example_url":"222"}]},{"id":31,"alias":"5a2a8b07716f1","type_id":1,"name":"sdvk.ru","loader_type":0,"reg_exp":"(^http[s]?:\/\/[\\w.]*sdvk.ru\/)","example_url":"https:\/\/sdvk.ru\/Dushevie_kabini\/Niagara\/","status":0,"description":null,"err_description":null,"created_by":1,"updated_by":1,"created_at":1512737543,"updated_at":1512737543,"actions":[{"seq":0,"parser_id":31,"name":"ParsList","status":0,"example_url":"111"},{"seq":1,"parser_id":31,"name":"ParsItem","status":0,"example_url":"222"}]},{"id":32,"alias":"5a2a8b0772d15","type_id":1,"name":"santehnica.ru","loader_type":0,"reg_exp":"(^http[s]?:\/\/[\\w.]*santehnica.ru\/)","example_url":"http:\/\/www.santehnica.ru\/catalog\/dushevie-kabini\/niagara\/","status":0,"description":null,"err_description":null,"created_by":1,"updated_by":1,"created_at":1512737543,"updated_at":1512737543,"actions":[{"seq":0,"parser_id":32,"name":"ParsList","status":0,"example_url":"111"},{"seq":1,"parser_id":32,"name":"ParsItem","status":0,"example_url":"222"}]},{"id":33,"alias":"5a2a8b077432c","type_id":1,"name":"wodolei.ru","loader_type":0,"reg_exp":"(^http[s]?:\/\/[\\w.]*wodolei.ru\/catalog\/)","example_url":"https:\/\/wodolei.ru\/catalog\/dushevie_kabini\/Niagara\/","status":0,"description":null,"err_description":null,"created_by":1,"updated_by":1,"created_at":1512737543,"updated_at":1512737543,"actions":[{"seq":0,"parser_id":33,"name":"ParsList","status":0,"example_url":"111"},{"seq":1,"parser_id":33,"name":"ParsItem","status":0,"example_url":"222"}]},{"id":34,"alias":"5a2a8b0775ae7","type_id":1,"name":"santeh-import.ru","loader_type":0,"reg_exp":"(^http[s]?:\/\/.*santeh-import.ru.*html$)","example_url":"https:\/\/www.santeh-import.ru\/Vanny-Vanny-pryamougolnye%2C-kvadratnye-kupit-category_438-b0.html","status":0,"description":null,"err_description":null,"created_by":1,"updated_by":1,"created_at":1512737543,"updated_at":1512737543,"actions":[{"seq":0,"parser_id":34,"name":"ParsList","status":0,"example_url":"111"},{"seq":1,"parser_id":34,"name":"ParsItem","status":0,"example_url":"222"}]},{"id":36,"alias":"5a2a8b077854d","type_id":1,"name":"santeh-magt.ru","loader_type":0,"reg_exp":"(^http[s]?:\/\/.*santeh-mag.com\/katalog\/)","example_url":"http:\/\/santeh-mag.com\/katalog\/dushevye-boksy\/","status":0,"description":null,"err_description":null,"created_by":1,"updated_by":1,"created_at":1512737543,"updated_at":1512737543,"actions":[{"seq":0,"parser_id":36,"name":"ParsList","status":0,"example_url":"111"},{"seq":1,"parser_id":36,"name":"ParsItem","status":0,"example_url":"222"}]},{"id":38,"alias":"5a2a8b077b01e","type_id":1,"name":"techport.ru","loader_type":0,"reg_exp":"(^http[s]?:\/\/.*techport.ru\/katalog\/.*$)","example_url":"http:\/\/www.techport.ru\/katalog\/products\/santehnika\/vanny","status":0,"description":null,"err_description":null,"created_by":1,"updated_by":1,"created_at":1512737543,"updated_at":1512737543,"actions":[{"seq":0,"parser_id":38,"name":"ParsList","status":0,"example_url":"111"},{"seq":1,"parser_id":38,"name":"ParsItem","status":0,"example_url":"222"}]},{"id":39,"alias":"5a2a8b077c66d","type_id":1,"name":"vannamoskva.ru","loader_type":0,"reg_exp":"(^http[s]?:\/\/.*vannamoskva.ru\/.*$)","example_url":"https:\/\/vannamoskva.ru\/catalog\/hansgrohe","status":0,"description":null,"err_description":null,"created_by":1,"updated_by":1,"created_at":1512737543,"updated_at":1512737543,"actions":[{"seq":0,"parser_id":39,"name":"ParsList","status":0,"example_url":"111"},{"seq":1,"parser_id":39,"name":"ParsItem","status":0,"example_url":"222"}]},{"id":40,"alias":"5a2a8b077db53","type_id":1,"name":"deltasan.ru","loader_type":0,"reg_exp":"(^http[s]?:\/\/.*deltasan.ru\/catalog\/.*$)","example_url":"http:\/\/deltasan.ru\/catalog\/dushevye-poddony\/nizkiy-dushevoy-poddon\/","status":0,"description":null,"err_description":null,"created_by":1,"updated_by":1,"created_at":1512737543,"updated_at":1512737543,"actions":[{"seq":0,"parser_id":40,"name":"ParsList","status":0,"example_url":"111"},{"seq":1,"parser_id":40,"name":"ParsItem","status":0,"example_url":"222"}]},{"id":3,"alias":"5a2a8b0748401","type_id":1,"name":"suntechnica.ru","loader_type":0,"reg_exp":"(^http[s]?:\/\/.*mirsanteh.ru\/catalog\/.*$)","example_url":"https:\/\/www.mirsanteh.ru\/catalog\/kabiny\/dushevaja_kabina_niagara_ng-13102310_levajapravaja.html","status":0,"description":null,"err_description":null,"created_by":1,"updated_by":1,"created_at":1512737543,"updated_at":1513005572,"actions":[{"seq":0,"parser_id":3,"name":"ParsList","status":0,"example_url":"111"},{"seq":1,"parser_id":3,"name":"ParsItem","status":0,"example_url":"222"}]},{"id":6,"alias":"5a2a8b074bf42","type_id":1,"name":"premium-v.ru","loader_type":0,"reg_exp":"(^http[s]?:\/\/.*qq.ru\/product\/.*$)|(^http[s]?:\/\/.*qq.ru\/category\/.*$)","example_url":"http:\/\/qq.ru\/product\/00000091688\/","status":0,"description":null,"err_description":null,"created_by":1,"updated_by":1,"created_at":1512737543,"updated_at":1513005572,"actions":[{"seq":0,"parser_id":6,"name":"ParsList","status":0,"example_url":"111"},{"seq":1,"parser_id":6,"name":"ParsItem","status":0,"example_url":"222"}]},{"id":7,"alias":"5a2a8b074d14f","type_id":1,"name":"premium-v.ru","loader_type":0,"reg_exp":"(^http[s]?:\/\/.*premium-v.ru\/products\/.*$)","example_url":"https:\/\/www.premium-v.ru\/products\/recor_classic_170x75.html","status":0,"description":null,"err_description":null,"created_by":1,"updated_by":1,"created_at":1512737543,"updated_at":1513004535,"actions":[{"seq":0,"parser_id":7,"name":"ParsList","status":0,"example_url":"111"},{"seq":1,"parser_id":7,"name":"ParsItem","status":0,"example_url":"222"}]},{"id":2,"alias":"5a2a8b0746a6c","type_id":1,"name":"suntechnica.ru","loader_type":0,"reg_exp":"(^http[s]?:\/\/.*suntechnica.*$)","example_url":"http:\/\/www.suntechnica.ru\/dushevaya-kabina-niagara-ng-1310-rl\/","status":0,"description":null,"err_description":null,"created_by":1,"updated_by":1,"created_at":1512737543,"updated_at":1513004656,"actions":[{"seq":0,"parser_id":2,"name":"ParsList","status":0,"example_url":"111"},{"seq":1,"parser_id":2,"name":"ParsItem","status":0,"example_url":"222"}]},{"id":42,"alias":"5a2a8b07804f2","type_id":1,"name":"aqualetto-markon.ru","loader_type":0,"reg_exp":"(^http[s]?:\/\/.*aqualetto-markon.ru\/.*id_kat.*(id_tov)?.*$)","example_url":"http:\/\/www.aqualetto-markon.ru\/index.php?id_kat=24&id_tov=211","status":0,"description":null,"err_description":null,"created_by":1,"updated_by":1,"created_at":1512737543,"updated_at":1512737543,"actions":[{"seq":0,"parser_id":42,"name":"ParsList","status":0,"example_url":"111"},{"seq":1,"parser_id":42,"name":"ParsItem","status":0,"example_url":"222"}]},{"id":43,"alias":"5a2a8b0781c3c","type_id":1,"name":"santut.ru","loader_type":0,"reg_exp":"(^http[s]?:\/\/.*santut.ru\/.*\/.*(product_id)?.*$)","example_url":"https:\/\/santut.ru\/dushevye-kabiny-gidroboksy\/dushevye-ugli?product_id=1557","status":0,"description":null,"err_description":null,"created_by":1,"updated_by":1,"created_at":1512737543,"updated_at":1512737543,"actions":[{"seq":0,"parser_id":43,"name":"ParsList","status":0,"example_url":"111"},{"seq":1,"parser_id":43,"name":"ParsItem","status":0,"example_url":"222"}]},{"id":44,"alias":"5a2a8b0783064","type_id":1,"name":"spa.com.ru","loader_type":0,"reg_exp":"(^http[s]?:\/\/.*spa.com.ru\/.*(sid=|id=)+.*$)","example_url":"http:\/\/spa.com.ru\/bathsdetail.php?id=2927&sid=292&l_from=120&l_to=140","status":0,"description":null,"err_description":null,"created_by":1,"updated_by":1,"created_at":1512737543,"updated_at":1512737543,"actions":[{"seq":0,"parser_id":44,"name":"ParsList","status":0,"example_url":"111"},{"seq":1,"parser_id":44,"name":"ParsItem","status":0,"example_url":"222"}]},{"id":45,"alias":"5a2a8b0784adc","type_id":1,"name":"axor.su","loader_type":0,"reg_exp":"(^http[s]?:\/\/.*axor.su.*$)","example_url":"https:\/\/axor.su\/item\/dushevaya_kabina_luxus_895\/","status":0,"description":null,"err_description":null,"created_by":1,"updated_by":1,"created_at":1512737543,"updated_at":1512737543,"actions":[{"seq":0,"parser_id":45,"name":"ParsList","status":0,"example_url":"111"},{"seq":1,"parser_id":45,"name":"ParsItem","status":0,"example_url":"222"}]},{"id":46,"alias":"5a2a8b0786808","type_id":1,"name":"mir-wan.ru","loader_type":0,"reg_exp":"(^http[s]?:\/\/.*mir-wan.ru.*(sub|tov)+.*$)","example_url":"http:\/\/mir-wan.ru\/tov\/41747\/niagara_ng-309\/","status":0,"description":null,"err_description":null,"created_by":1,"updated_by":1,"created_at":1512737543,"updated_at":1512737543,"actions":[{"seq":0,"parser_id":46,"name":"ParsList","status":0,"example_url":"111"},{"seq":1,"parser_id":46,"name":"ParsItem","status":0,"example_url":"222"}]},{"id":47,"alias":"5a2a8b07881b0","type_id":1,"name":"santekhnika.ru","loader_type":0,"reg_exp":"(^http[s]?:\/\/.*santekhnika.ru\/.*$)","example_url":"http:\/\/www.santekhnika.ru\/dushevaya-kabina-niagara-ng-510.html","status":0,"description":null,"err_description":null,"created_by":1,"updated_by":1,"created_at":1512737543,"updated_at":1512737543,"actions":[{"seq":0,"parser_id":47,"name":"ParsList","status":0,"example_url":"111"},{"seq":1,"parser_id":47,"name":"ParsItem","status":0,"example_url":"222"}]},{"id":48,"alias":"5a2a8b0789883","type_id":1,"name":"santeh-centr.ru","loader_type":0,"reg_exp":"(^http[s]?:\/\/.*santeh-centr.ru\/.*$)","example_url":"https:\/\/santeh-centr.ru\/dushevye-kabiny-gidroboksy\/dushevye-kabiny\/dushevaja-kabina-ammari-am-082-80-8080215-sm-bez-gidromassazha","status":0,"description":null,"err_description":null,"created_by":1,"updated_by":1,"created_at":1512737543,"updated_at":1512737543,"actions":[{"seq":0,"parser_id":48,"name":"ParsList","status":0,"example_url":"111"},{"seq":1,"parser_id":48,"name":"ParsItem","status":0,"example_url":"222"}]},{"id":49,"alias":"5a2a8b078b046","type_id":1,"name":"san-mag.ru","loader_type":0,"reg_exp":"(^http[s]?:\/\/.*san-mag.ru\/.*$)","example_url":"http:\/\/san-mag.ru\/dushevaya-kabina-niagara-ng-2310-r\/","status":0,"description":null,"err_description":null,"created_by":1,"updated_by":1,"created_at":1512737543,"updated_at":1512737543,"actions":[{"seq":0,"parser_id":49,"name":"ParsList","status":0,"example_url":"111"},{"seq":1,"parser_id":49,"name":"ParsItem","status":0,"example_url":"222"}]},{"id":50,"alias":"5a2a8b078c76f","type_id":1,"name":"bathsale.ru","loader_type":0,"reg_exp":"(^http[s]?:\/\/.*bathsale.ru\/katalog-produkczii\/.*$)","example_url":"https:\/\/bathsale.ru\/katalog-produkczii\/dushevyie-kabinyi\/slivnyie-trapyi\/dushevoj-boks-frank-f555-140\/85-sm.html","status":0,"description":null,"err_description":null,"created_by":1,"updated_by":1,"created_at":1512737543,"updated_at":1512737543,"actions":[{"seq":0,"parser_id":50,"name":"ParsList","status":0,"example_url":"111"},{"seq":1,"parser_id":50,"name":"ParsItem","status":0,"example_url":"222"}]},{"id":51,"alias":"5a2a8b078def4","type_id":1,"name":"hit-vanna.ru","loader_type":0,"reg_exp":"(^http[s]?:\/\/.*hit-vanna.ru\/.*$)","example_url":"http:\/\/hit-vanna.ru\/dushevye-kabiny-boksy-gidromassazhye\/dushevye-kabiny-asimmetrichnye-kupit-ceny-razmery\/dushevaja-kabina-niagara-ng-1310-r-uglovaja.html","status":0,"description":null,"err_description":null,"created_by":1,"updated_by":1,"created_at":1512737543,"updated_at":1512737543,"actions":[{"seq":0,"parser_id":51,"name":"ParsList","status":0,"example_url":"111"},{"seq":1,"parser_id":51,"name":"ParsItem","status":0,"example_url":"222"}]},{"id":52,"alias":"5a2a8b078f4bc","type_id":1,"name":"hunting4all.ru","loader_type":0,"reg_exp":"(^http[s]?:\/\/.*hunting4all.ru\/.*$)","example_url":"http:\/\/hunting4all.ru\/","status":0,"description":null,"err_description":null,"created_by":1,"updated_by":1,"created_at":1512737543,"updated_at":1512737543,"actions":[{"seq":0,"parser_id":52,"name":"ParsList","status":0,"example_url":"111"},{"seq":1,"parser_id":52,"name":"ParsItem","status":0,"example_url":"222"}]},{"id":54,"alias":"5a2a8b0792a8a","type_id":1,"name":"vkak.deer.io","loader_type":0,"reg_exp":"(^http[s]?:\/\/.*vkak.deer.io.*$)","example_url":"http:\/\/vkak.deer.io\/","status":0,"description":null,"err_description":null,"created_by":1,"updated_by":1,"created_at":1512737543,"updated_at":1512737543,"actions":[{"seq":0,"parser_id":54,"name":"ParsList","status":0,"example_url":"111"},{"seq":1,"parser_id":54,"name":"ParsItem","status":0,"example_url":"222"}]},{"id":55,"alias":"5a2a8b0794478","type_id":1,"name":"sportmaster.ru","loader_type":0,"reg_exp":"(^http[s]?:\/\/.*sportmaster.ru\/(catalog|product).*$)","example_url":"https:\/\/www.sportmaster.ru\/catalog\/begovye_lyzhi\/lyzhi\/","status":0,"description":null,"err_description":null,"created_by":1,"updated_by":1,"created_at":1512737543,"updated_at":1512737543,"actions":[{"seq":0,"parser_id":55,"name":"ParsList","status":0,"example_url":"111"},{"seq":1,"parser_id":55,"name":"ParsItem","status":0,"example_url":"222"}]},{"id":56,"alias":"5a2a8b079615b","type_id":1,"name":"merida.ru","loader_type":0,"reg_exp":"(^http[s]?:\/\/.*merida.ru\/tovar.*$)","example_url":"http:\/\/merida.ru\/tovary","status":0,"description":null,"err_description":null,"created_by":1,"updated_by":1,"created_at":1512737543,"updated_at":1512737543,"actions":[{"seq":0,"parser_id":56,"name":"ParsList","status":0,"example_url":"111"},{"seq":1,"parser_id":56,"name":"ParsItem","status":0,"example_url":"222"}]},{"id":57,"alias":"5a2a8b0797d59","type_id":1,"name":"radimax.ru","loader_type":0,"reg_exp":"(^https?:\/\/.*radimax.ru\/)","example_url":"https:\/\/www.radimax.ru\/brands\/retrostyle\/","status":0,"description":null,"err_description":null,"created_by":1,"updated_by":1,"created_at":1512737543,"updated_at":1512737543,"actions":[{"seq":0,"parser_id":57,"name":"ParsList","status":0,"example_url":"111"},{"seq":1,"parser_id":57,"name":"ParsItem","status":0,"example_url":"222"}]},{"id":41,"alias":"5a2a8b077ed5c","type_id":1,"name":"m-vanna.ru","loader_type":0,"reg_exp":"(^http[s]?:\/\/.*m-vanna.ru\/catalog\/products\/.*$)","example_url":"https:\/\/www.m-vanna.ru\/catalog\/products\/gidromassazhnye-boksy\/dushevaja-kabina-niagara-ng-1509","status":1,"description":null,"err_description":"\u041d\u0435 \u0437\u0430\u0434\u0430\u043d URL \u0434\u043b\u044f \u0434\u0435\u0439\u0441\u0442\u0432\u0438\u044f actionParsList; \u041d\u0435 \u0437\u0430\u0434\u0430\u043d URL \u0434\u043b\u044f \u0434\u0435\u0439\u0441\u0442\u0432\u0438\u044f actionParsItem; ","created_by":1,"updated_by":1,"created_at":1512737543,"updated_at":1512739237,"actions":[{"seq":0,"parser_id":41,"name":"ParsList","status":0,"example_url":"111"},{"seq":1,"parser_id":41,"name":"ParsItem","status":0,"example_url":"222"}]},{"id":53,"alias":"5a2a8b0790b8b","type_id":1,"name":"parser-dlya-sayta.ru","loader_type":0,"reg_exp":"(^http[s]?:\/\/.*kwork.ru\/land\/parser-dlya-sayta.*$)","example_url":"https:\/\/kwork.ru\/land\/parser-dlya-sayta","status":1,"description":null,"err_description":"\u041d\u0435 \u0437\u0430\u0434\u0430\u043d URL \u0434\u043b\u044f \u0434\u0435\u0439\u0441\u0442\u0432\u0438\u044f actionParsList; \u041d\u0435 \u0437\u0430\u0434\u0430\u043d URL \u0434\u043b\u044f \u0434\u0435\u0439\u0441\u0442\u0432\u0438\u044f actionParsItem; ","created_by":1,"updated_by":1,"created_at":1512737543,"updated_at":1512739240,"actions":[{"seq":0,"parser_id":53,"name":"ParsList","status":0,"example_url":"111"},{"seq":1,"parser_id":53,"name":"ParsItem","status":0,"example_url":"222"}]},{"id":11,"alias":"5a2a8b0751f32","type_id":1,"name":"perl-santehnika.ru","loader_type":0,"reg_exp":"(^http[s]?:\/\/.*perl-santehnika.ru\/.*$)","example_url":"http:\/\/perl-santehnika.ru\/dushevye-kabiny\/dushevye-kabiny-s-nizkim-poddonom-652\/dushevaya-kabina-river-rein-90-26-mt","status":1,"description":null,"err_description":"\u041d\u0435 \u0437\u0430\u0434\u0430\u043d URL \u0434\u043b\u044f \u0434\u0435\u0439\u0441\u0442\u0432\u0438\u044f actionParsList; \u041d\u0435 \u0437\u0430\u0434\u0430\u043d URL \u0434\u043b\u044f \u0434\u0435\u0439\u0441\u0442\u0432\u0438\u044f actionParsItem; ","created_by":1,"updated_by":1,"created_at":1512737543,"updated_at":1512739245,"actions":[{"seq":0,"parser_id":11,"name":"ParsList","status":0,"example_url":"111"},{"seq":1,"parser_id":11,"name":"ParsItem","status":0,"example_url":"222"}]},{"id":35,"alias":"5a2a8b0776c8b","type_id":1,"name":"dushevoi.ru","loader_type":0,"reg_exp":"(^https?:\/\/.*dushevoi.ru\/products\/)","example_url":"https:\/\/www.dushevoi.ru\/products\/dushevye-kabiny\/","status":0,"description":null,"err_description":null,"created_by":1,"updated_by":1,"created_at":1512737543,"updated_at":1513005596,"actions":[{"id":7,"parser_id":35,"seq":0,"name":"ParsList","status":0,"selector":".goods .good-item","example_url":"https:\/\/www.dushevoi.ru\/products\/dushevye-kabiny\/","code":null,"description":null},{"id":8,"parser_id":35,"seq":1,"name":"ParsItem","status":0,"selector":"#item-price-wrap","example_url":"https:\/\/mytishi.dushevoi.ru\/products\/dushevaya-kabina-eago-dz949f6-49915-ware\/","code":null,"description":null}]},{"id":58,"alias":"5a2a8b72cad8e","type_id":1,"name":"profigym.ru","loader_type":0,"reg_exp":"(^http[s]?:\/\/.*profigym.ru\/catalog.php.*$)","example_url":"http:\/\/www.profigym.ru\/catalog.php?group_id=1","status":0,"description":"","err_description":null,"created_by":1,"updated_by":1,"created_at":1512737650,"updated_at":1512739130,"actions":[{"seq":0,"parser_id":58,"name":"ParsList","status":0,"example_url":"111"},{"seq":1,"parser_id":58,"name":"ParsItem","status":0,"example_url":"222"}]},{"id":25,"alias":"5a2a8b0767ace","type_id":1,"name":"perfekto.ru","loader_type":0,"reg_exp":"(^https?:\/\/.*perfekto.ru\/catalog)","example_url":"https:\/\/www.perfekto.ru\/catalog\/unitazy\/unitaz_artic_4310_gb114310301737_gb114310301231\/","status":1,"description":null,"err_description":"\u041d\u0435 \u0437\u0430\u0434\u0430\u043d URL \u0434\u043b\u044f \u0434\u0435\u0439\u0441\u0442\u0432\u0438\u044f actionParsList; \u041d\u0435 \u0437\u0430\u0434\u0430\u043d URL \u0434\u043b\u044f \u0434\u0435\u0439\u0441\u0442\u0432\u0438\u044f actionParsItem; ","created_by":1,"updated_by":1,"created_at":1512737543,"updated_at":1512739243,"actions":[{"seq":0,"parser_id":25,"name":"ParsList","status":0,"example_url":"111"},{"seq":1,"parser_id":25,"name":"ParsItem","status":0,"example_url":"222"}]}]